full_name,party,state,election_year,total_assets,anomaly_type,detail,severity,total_assets_fmt
SRIKANTADATTA NARASIMHARAJA WADIYAR,INC,KARNATAKA,2004,15224553998.0,zscore_assets_vs_party,"Assets 1,522.46 Cr vs party mean 7.21 Cr (z=17.9)",HIGH,"1,522.46 Cr"
KRISHAN KUMAR SHARMA,BJP,BIHAR,2014,8498803720.0,zscore_assets_vs_party,Assets 849.88 Cr vs party mean 13.93 Cr (z=10.7),HIGH,849.88 Cr
V. M. SINGH,INC,UTTAR PRADESH,2009,6321566925.0,zscore_assets_vs_party,Assets 632.16 Cr vs party mean 7.75 Cr (z=15.8),HIGH,632.16 Cr
DEEPAK BHARDWAJ,BSP,NCT OF DELHI,2009,6038347375.0,zscore_assets_vs_party,Assets 603.83 Cr vs party mean 4.10 Cr (z=17.4),HIGH,603.83 Cr
PATADIYA KHIMJIBHAI HARAJIVANBHAI,KKJHS,GUJARAT,2009,5149727807.0,zscore_assets_vs_party,Assets 514.97 Cr vs party mean 28.73 Cr (z=4.0),HIGH,514.97 Cr
JYOTIRADITYA MADHAVRAO SCINDIA,INC,MADHYA PRADESH,2019,3745618745.0,zscore_assets_vs_party,Assets 374.56 Cr vs party mean 24.10 Cr (z=7.3),HIGH,374.56 Cr
JYOTIRADITYA MADHAVRAO SCINDIA,INC,MADHYA PRADESH,2019,3745618745.0,explosive_growth,10354% growth: 3.58 Cr -> 374.56 Cr,HIGH,374.56 Cr
NAVEEN JINDAL,INC,HARYANA,2014,3083154000.0,explosive_growth,2442% growth: 12.13 Cr -> 308.32 Cr,HIGH,308.32 Cr
MONI KUMAR SUBBA,Independent,ASSAM,2014,3067535137.0,zscore_assets_vs_party,Assets 306.75 Cr vs party mean 2.59 Cr (z=13.8),HIGH,306.75 Cr
MONI KUMAR SUBBA,Independent,ASSAM,2014,3067535137.0,explosive_growth,1545% growth: 18.64 Cr -> 306.75 Cr,HIGH,306.75 Cr
KAMAL NATH,INC,MADHYA PRADESH,2014,2069080434.0,zscore_assets_vs_party,Assets 206.91 Cr vs party mean 17.29 Cr (z=5.2),HIGH,206.91 Cr
KU. DEVENDRA SINGH YADAV,SP,UTTAR PRADESH,2019,2046415655.0,explosive_growth,1636% growth: 11.79 Cr -> 204.64 Cr,HIGH,204.64 Cr
MOHD. SHAHID,BSP,UTTAR PRADESH,2014,1989984945.0,zscore_assets_vs_party,Assets 199.00 Cr vs party mean 7.74 Cr (z=6.2),HIGH,199.00 Cr
MOHD. SHAHID,BSP,UTTAR PRADESH,2014,1989984945.0,isolation_forest,very high assets (199.00 Cr); 12974% asset growth; high liabilities (10.38 Cr),HIGH,199.00 Cr
MOHD. SHAHID,BSP,UTTAR PRADESH,2014,1989984945.0,explosive_growth,12974% growth: 1.52 Cr -> 199.00 Cr,HIGH,199.00 Cr
SHATRUGHAN SINHA,INC,BIHAR,2019,1935459756.0,explosive_growth,1190% growth: 15.00 Cr -> 193.55 Cr,HIGH,193.55 Cr
NAMA NAGESWARA RAO,TDP,ANDHRA PRADESH,2009,1737508117.0,zscore_assets_vs_party,Assets 173.75 Cr vs party mean 12.24 Cr (z=4.5),HIGH,173.75 Cr
KANWAR SINGH TANWAR,BSP,NCT OF DELHI,2009,1549977275.0,zscore_assets_vs_party,Assets 155.00 Cr vs party mean 4.10 Cr (z=4.4),HIGH,155.00 Cr
DENIS SIANGSHAI,Independent,MEGHALAYA,2014,1287025457.0,zscore_assets_vs_party,Assets 128.70 Cr vs party mean 2.59 Cr (z=5.7),HIGH,128.70 Cr
DENIS SIANGSHAI,Independent,MEGHALAYA,2014,1287025457.0,explosive_growth,1732% growth: 7.03 Cr -> 128.70 Cr,HIGH,128.70 Cr
ABU ASIM AZMI,SP,MAHARASHTRA,2009,1247388991.0,zscore_assets_vs_party,Assets 124.74 Cr vs party mean 2.91 Cr (z=10.5),HIGH,124.74 Cr
NAMA NAGESWARA RAO,TDP,ANDHRA PRADESH,2019,1074671341.0,isolation_forest,very high assets (107.47 Cr); 5 criminal cases; 29079% asset growth; high liabilities (8.07 Cr),HIGH,107.47 Cr
NAMA NAGESWARA RAO,TDP,ANDHRA PRADESH,2019,1074671341.0,explosive_growth,29079% growth: 36.83 L -> 107.47 Cr,HIGH,107.47 Cr
JITENDRA RAGHURAJ DESHPRABHU,NCP,GOA,2009,1063063407.0,zscore_assets_vs_party,Assets 106.31 Cr vs party mean 5.37 Cr (z=6.2),HIGH,106.31 Cr
SARUBALA.R.THONDAIMAN,Independent,TAMIL NADU,2019,923876327.0,zscore_assets_vs_party,Assets 92.39 Cr vs party mean 1.72 Cr (z=11.1),HIGH,92.39 Cr
ARUN BHATIA,Peoples Guardian,MAHARASHTRA,2014,842515000.0,explosive_growth,4139% growth: 1.99 Cr -> 84.25 Cr,HIGH,84.25 Cr
MALOOK NAGAR,RLD,UTTAR PRADESH,2004,762437000.0,zscore_assets_vs_party,Assets 76.24 Cr vs party mean 4.48 Cr (z=4.1),HIGH,76.24 Cr
P. BALRAM,INC,ANDHRA PRADESH,2014,737144941.0,explosive_growth,4187% growth: 1.72 Cr -> 73.71 Cr,HIGH,73.71 Cr
D.K. AUDIKESAVULU,TDP,ANDHRA PRADESH,2004,670576468.0,zscore_assets_vs_party,Assets 67.06 Cr vs party mean 4.56 Cr (z=5.0),HIGH,67.06 Cr
D.A. SRINIVAS,PRAP,ANDHRA PRADESH,2009,670119543.0,zscore_assets_vs_party,Assets 67.01 Cr vs party mean 6.03 Cr (z=4.7),HIGH,67.01 Cr
CAPT. G.R. GOPINATH,IND,KARNATAKA,2009,668963000.0,zscore_assets_vs_party,Assets 66.90 Cr vs party mean 40.44 L (z=26.6),HIGH,66.90 Cr
SAMEER BHUJBAL,NCP,MAHARASHTRA,2019,654659863.0,isolation_forest,very high assets (65.47 Cr); 16 criminal cases; 882% asset growth; high liabilities (13.05 Cr),HIGH,65.47 Cr
DR. JYOTI MIRDHA,INC,RAJASTHAN,2019,650650190.0,explosive_growth,1567% growth: 3.90 Cr -> 65.07 Cr,HIGH,65.07 Cr
MOHD. SHEAR NABI CHAMAN,IND,NCT OF DELHI,2009,611880000.0,zscore_assets_vs_party,Assets 61.19 Cr vs party mean 40.44 L (z=24.3),HIGH,61.19 Cr
FEROZE VARUN GANDHI,BJP,UTTAR PRADESH,2019,603200539.0,explosive_growth,1124% growth: 4.93 Cr -> 60.32 Cr,HIGH,60.32 Cr
RAFIQUE MANDELIA,INC,RAJASTHAN,2019,582281544.0,explosive_growth,1246% growth: 4.32 Cr -> 58.23 Cr,HIGH,58.23 Cr
BASAVARAJ G S,INC,KARNATAKA,2019,510779150.0,explosive_growth,2247% growth: 2.18 Cr -> 51.08 Cr,HIGH,51.08 Cr
RAMESH CHANDAPPA JIGAJINAGI,BJP,KARNATAKA,2019,504122985.0,explosive_growth,4189% growth: 1.18 Cr -> 50.41 Cr,HIGH,50.41 Cr
MIRA KUMAR,INC,BIHAR,2019,475194636.0,explosive_growth,1541% growth: 2.90 Cr -> 47.52 Cr,HIGH,47.52 Cr
UPENDRA RAVIDAS,Jharkhand Mukti Morcha,BIHAR,2014,421280000.0,explosive_growth,2081% growth: 1.93 Cr -> 42.13 Cr,HIGH,42.13 Cr
DIAS JAWAHAR,IND,GOA,2009,419240240.0,zscore_assets_vs_party,Assets 41.92 Cr vs party mean 40.44 L (z=16.6),HIGH,41.92 Cr
DELKAR MOHANBHAI SANJIBHAI,IND,D&N HAVELI,2014,414613478.0,zscore_assets_vs_party,Assets 41.46 Cr vs party mean 1.86 Cr (z=6.3),HIGH,41.46 Cr
DELKAR MOHANBHAI SANJIBHAI,IND,D&N HAVELI,2014,414613478.0,explosive_growth,1349% growth: 2.86 Cr -> 41.46 Cr,HIGH,41.46 Cr
K. S. CHOUDHARY,IND,RAJASTHAN,2019,385111923.0,zscore_assets_vs_party,Assets 38.51 Cr vs party mean 2.07 Cr (z=5.0),HIGH,38.51 Cr
BAJEER SINGH,IND,UTTAR PRADESH,2019,383629735.0,zscore_assets_vs_party,Assets 38.36 Cr vs party mean 2.07 Cr (z=5.0),HIGH,38.36 Cr
BAJEER SINGH,IND,UTTAR PRADESH,2019,383629735.0,explosive_growth,8916% growth: 42.55 L -> 38.36 Cr,HIGH,38.36 Cr
KUNWAR AMRESH SINGH,IND,UTTAR PRADESH,2014,383137665.0,zscore_assets_vs_party,Assets 38.31 Cr vs party mean 1.86 Cr (z=5.8),HIGH,38.31 Cr
SANGEETA KUMARI SINGH DEO,BJP,ORISSA,2019,379590851.0,explosive_growth,1311% growth: 2.69 Cr -> 37.96 Cr,HIGH,37.96 Cr
RAJKUMARI RATNA SINGH,INC,UTTAR PRADESH,2019,362051733.0,explosive_growth,3966% growth: 89.05 L -> 36.21 Cr,HIGH,36.21 Cr
LOWANGCHA WANGLAT,INC,ARUNACHAL PRADESH,2019,353530297.0,explosive_growth,1221% growth: 2.68 Cr -> 35.35 Cr,HIGH,35.35 Cr
MEENAKSHI KOHLI,IND,NCT OF DELHI,2014,349916470.0,zscore_assets_vs_party,Assets 34.99 Cr vs party mean 1.86 Cr (z=5.3),HIGH,34.99 Cr
MANABENDRA SHAH,BJP,UTTAR PRADESH,2004,347563683.0,zscore_assets_vs_party,Assets 34.76 Cr vs party mean 92.87 L (z=14.3),HIGH,34.76 Cr
K.H. MUNIYAPPA,INC,KARNATAKA,2019,329443821.0,explosive_growth,5225% growth: 61.87 L -> 32.94 Cr,HIGH,32.94 Cr
UDASI SHIVKUMAR CHANABASAPPA,BJP,KARNATAKA,2009,323361935.0,zscore_assets_vs_party,Assets 32.34 Cr vs party mean 2.21 Cr (z=6.6),HIGH,32.34 Cr
MEERA H. SANYAL,IND,MAHARASHTRA,2009,277240723.0,zscore_assets_vs_party,Assets 27.72 Cr vs party mean 40.44 L (z=10.9),HIGH,27.72 Cr
RAMESHWAR ORAON,INC,JHARKHAND,2014,262697987.0,explosive_growth,2744% growth: 92.38 L -> 26.27 Cr,HIGH,26.27 Cr
ANJULA NAGPAL,IND,UTTAR PRADESH,2009,261250266.0,zscore_assets_vs_party,Assets 26.13 Cr vs party mean 40.44 L (z=10.3),HIGH,26.13 Cr
SAMBHAJI PAWAR,BJP,MAHARASHTRA,2009,244796900.0,zscore_assets_vs_party,Assets 24.48 Cr vs party mean 2.21 Cr (z=4.9),HIGH,24.48 Cr
KIRTI VARDHAN SINGH ALIAS RAJA BHAIYA,BJP,UTTAR PRADESH,2019,232735285.0,explosive_growth,2606% growth: 86.01 L -> 23.27 Cr,HIGH,23.27 Cr
DANVE RAOSAHEB DADARAO PATIL,BJP,MAHARASHTRA,2019,229557992.0,explosive_growth,2271% growth: 96.81 L -> 22.96 Cr,HIGH,22.96 Cr
BAGWAN NASIR PAPULSAB,IND,KARNATAKA,2009,223000000.0,zscore_assets_vs_party,Assets 22.30 Cr vs party mean 40.44 L (z=8.8),HIGH,22.30 Cr
L R SHIVARAMEGOWDA,BJP,KARNATAKA,2009,222296947.0,zscore_assets_vs_party,Assets 22.23 Cr vs party mean 2.21 Cr (z=4.4),HIGH,22.23 Cr
ANGADI SURESH CHANNABASAPPA,BJP,KARNATAKA,2009,221734263.0,zscore_assets_vs_party,Assets 22.17 Cr vs party mean 2.21 Cr (z=4.4),HIGH,22.17 Cr
IMRRAN PASHA,Aazadi Ka Antim Aandolan Dal,CHHATTISGARH,2014,217878947.0,explosive_growth,21688% growth: 10.00 L -> 21.79 Cr,HIGH,21.79 Cr
MANVENDRA SINGH,INC,UTTAR PRADESH,2019,216820285.0,explosive_growth,1309% growth: 1.54 Cr -> 21.68 Cr,HIGH,21.68 Cr
MULAYAM SINGH YADAV,SP,UTTAR PRADESH,2019,205604593.0,explosive_growth,1026% growth: 1.83 Cr -> 20.56 Cr,HIGH,20.56 Cr
DR. SANJAY KUMAR GUPTA,SHS,NCT OF DELHI,2019,204351194.0,explosive_growth,73144% growth: 2.79 L -> 20.44 Cr,HIGH,20.44 Cr
VINOD KUMAR PITTI,IND,RAJASTHAN,2009,199763513.0,zscore_assets_vs_party,Assets 19.98 Cr vs party mean 40.44 L (z=7.8),HIGH,19.98 Cr
DR. SANJAY JAISWAL,BJP,BIHAR,2019,199404885.0,explosive_growth,1721% growth: 1.10 Cr -> 19.94 Cr,HIGH,19.94 Cr
ASADUDDIN OWAISI,AIMIM,ANDHRA PRADESH,2019,179044376.0,explosive_growth,4488% growth: 39.02 L -> 17.90 Cr,HIGH,17.90 Cr
AJAY GOYAL,IND,CHANDIGARH,2009,177352496.0,zscore_assets_vs_party,Assets 17.74 Cr vs party mean 40.44 L (z=6.9),HIGH,17.74 Cr
R. MUNISWAMY,BJP,KARNATAKA,2019,174557500.0,isolation_forest,very high assets (17.46 Cr); 43111% asset growth; high liabilities (1.99 Cr),HIGH,17.46 Cr
R. MUNISWAMY,BJP,KARNATAKA,2019,174557500.0,explosive_growth,43111% growth: 4.04 L -> 17.46 Cr,HIGH,17.46 Cr
KESHARI DEVI PATEL,BJP,UTTAR PRADESH,2019,172707104.0,explosive_growth,2719% growth: 61.26 L -> 17.27 Cr,HIGH,17.27 Cr
AJEET SINGH,Rashtriya Lok Dal,UTTAR PRADESH,2014,169254660.0,explosive_growth,1161% growth: 1.34 Cr -> 16.93 Cr,HIGH,16.93 Cr
SUSHIL KUMAR SINGH,BJP,BIHAR,2019,167895109.0,explosive_growth,1077% growth: 1.43 Cr -> 16.79 Cr,HIGH,16.79 Cr
RAYAR K,IND,TAMIL NADU,2009,162235500.0,zscore_assets_vs_party,Assets 16.22 Cr vs party mean 40.44 L (z=6.3),HIGH,16.22 Cr
RAHUL GANDHI,INC,UTTAR PRADESH,2019,158877063.0,explosive_growth,2769% growth: 55.38 L -> 15.89 Cr,HIGH,15.89 Cr
KAUSHAL YADAV,Janata Dal  (United),BIHAR,2014,154566136.0,explosive_growth,1177% growth: 1.21 Cr -> 15.46 Cr,HIGH,15.46 Cr
VIJAYA RAJENDHAR T,IND,TAMIL NADU,2009,143076637.0,zscore_assets_vs_party,Assets 14.31 Cr vs party mean 40.44 L (z=5.6),HIGH,14.31 Cr
FARID JABBAR,IND,UTTAR PRADESH,2009,138360000.0,zscore_assets_vs_party,Assets 13.84 Cr vs party mean 40.44 L (z=5.4),HIGH,13.84 Cr
DR. MUKUL SANGMA,INC,MEGHALAYA,2019,136735735.0,explosive_growth,1898% growth: 68.44 L -> 13.67 Cr,HIGH,13.67 Cr
TAPIR GAO,BJP,ARUNACHAL PRADESH,2019,136628259.0,explosive_growth,2377% growth: 55.17 L -> 13.66 Cr,HIGH,13.66 Cr
UMA SHANKAR BHAGAT ALIAS TUNTUN BHAIYA,IND,BIHAR,2009,135100660.0,zscore_assets_vs_party,Assets 13.51 Cr vs party mean 40.44 L (z=5.2),HIGH,13.51 Cr
SATYA DEV PACHAURI,BJP,UTTAR PRADESH,2019,132382819.0,explosive_growth,1329% growth: 92.66 L -> 13.24 Cr,HIGH,13.24 Cr
HARSH VARDHAN,INC,UTTAR PRADESH,2014,131483270.0,explosive_growth,2429% growth: 52.00 L -> 13.15 Cr,HIGH,13.15 Cr
ADHALRAO SHIVAJI DATTATRAY,SHS,MAHARASHTRA,2009,127113134.0,zscore_assets_vs_party,Assets 12.71 Cr vs party mean 1.63 Cr (z=4.1),HIGH,12.71 Cr
SANJAY NIRUPAM,INC,MAHARASHTRA,2019,122093505.0,explosive_growth,2272% growth: 51.48 L -> 12.21 Cr,HIGH,12.21 Cr
AVTAR SINGH BHADANA,INC,HARYANA,2019,120803457.0,explosive_growth,1137% growth: 97.64 L -> 12.08 Cr,HIGH,12.08 Cr
SHAH TARIQ ANWAR,NCP,BIHAR,2019,119291973.0,explosive_growth,1092% growth: 1.00 Cr -> 11.93 Cr,HIGH,11.93 Cr
DHARMENDRA YADAV,SP,UTTAR PRADESH,2019,118688322.0,explosive_growth,1989% growth: 56.82 L -> 11.87 Cr,HIGH,11.87 Cr
GURUPADAGOUDA VENKANAGOUDA PATIL,IND,KARNATAKA,2009,118215000.0,zscore_assets_vs_party,Assets 11.82 Cr vs party mean 40.44 L (z=4.6),HIGH,11.82 Cr
KU. DEVENDRA SINGH YADAV,SP,UTTAR PRADESH,2004,117888469.0,zscore_assets_vs_party,Assets 11.79 Cr vs party mean 54.31 L (z=8.6),HIGH,11.79 Cr
TADAR TANIANG,AITC,ARUNACHAL PRADESH,2004,117050000.0,zscore_assets_vs_party,Assets 11.71 Cr vs party mean 91.01 L (z=4.7),HIGH,11.71 Cr
LEKSHMANAN . S,IND,TAMIL NADU,2019,113416099.0,explosive_growth,69480% growth: 1.63 L -> 11.34 Cr,HIGH,11.34 Cr
SHYAMA CHARAN,IND,UTTAR PRADESH,2004,112456867.0,zscore_assets_vs_party,Assets 11.25 Cr vs party mean 18.01 L (z=15.4),HIGH,11.25 Cr
BRAJENDRA NATH URF BIJENDRA,IND,UTTAR PRADESH,2009,106698000.0,zscore_assets_vs_party,Assets 10.67 Cr vs party mean 40.44 L (z=4.1),HIGH,10.67 Cr
VEENA SINGH (VEENA DIDI),IND,MADHYA PRADESH,2009,106367000.0,zscore_assets_vs_party,Assets 10.64 Cr vs party mean 40.44 L (z=4.1),HIGH,10.64 Cr
JETHMALANI RAM BOOLCHAND,IND,UTTAR PRADESH,2004,102361000.0,zscore_assets_vs_party,Assets 10.24 Cr vs party mean 18.01 L (z=14.0),HIGH,10.24 Cr
DEVENDRA RAKESH,Bajjikanchal Vikas Party,BIHAR,2019,96715000.0,explosive_growth,1792% growth: 51.11 L -> 9.67 Cr,HIGH,9.67 Cr
TUMANE KRUPAL BALAJI,Shivsena,MAHARASHTRA,2019,95603165.0,explosive_growth,2699% growth: 34.15 L -> 9.56 Cr,HIGH,9.56 Cr
SIDNAL SHASHIKANT SHANMUKHAPPA,KNDP,KARNATAKA,2004,94039974.0,zscore_assets_vs_party,Assets 9.40 Cr vs party mean 62.87 L (z=4.2),HIGH,9.40 Cr
CHARANJIT SINGH CHANNI,BSP,PUNJAB,2004,93441996.0,zscore_assets_vs_party,Assets 9.34 Cr vs party mean 30.93 L (z=12.3),HIGH,9.34 Cr
SHAILENDRA PRATAP SINGH,AAP,UTTAR PRADESH,2014,90402574.0,explosive_growth,6932% growth: 12.86 L -> 9.04 Cr,HIGH,9.04 Cr
S.B.P.B.K.SATYANARAYANA RAO,IND,ANDHRA PRADESH,2004,89712000.0,zscore_assets_vs_party,Assets 8.97 Cr vs party mean 18.01 L (z=12.3),HIGH,8.97 Cr
MANSINGH BISEN,IND,MADHYA PRADESH,2019,88648133.0,explosive_growth,2982% growth: 28.76 L -> 8.86 Cr,HIGH,8.86 Cr
RANEE NARAH,INC,ASSAM,2014,88519819.0,explosive_growth,1493% growth: 55.56 L -> 8.85 Cr,HIGH,8.85 Cr
NAGMANI,INC,BIHAR,2014,87315758.0,explosive_growth,3535% growth: 24.02 L -> 8.73 Cr,HIGH,8.73 Cr
ANANTKUMAR HEGDE,BJP,KARNATAKA,2019,84755455.0,explosive_growth,1219% growth: 64.27 L -> 8.48 Cr,HIGH,8.48 Cr
P. JAYA PRADA NAHATA,SP,UTTAR PRADESH,2004,84275000.0,zscore_assets_vs_party,Assets 8.43 Cr vs party mean 54.31 L (z=6.0),HIGH,8.43 Cr
RAKESH AGARWAL ADVOCATE,Independent,UTTAR PRADESH,2019,81035000.0,explosive_growth,1029% growth: 71.75 L -> 8.10 Cr,HIGH,8.10 Cr
AVINASH KUMAR AGARWAL,LJP,WEST BENGAL,2009,79147034.0,zscore_assets_vs_party,Assets 7.91 Cr vs party mean 43.45 L (z=5.3),HIGH,7.91 Cr
MANGANI LAL MANDAL,Rashtriya Janata Dal,BIHAR,2014,76950805.0,explosive_growth,1325% growth: 53.99 L -> 7.70 Cr,HIGH,7.70 Cr
RADHAKRISHNAN .C.P,IND,TAMIL NADU,2019,74996453.0,explosive_growth,26732% growth: 2.79 L -> 7.50 Cr,HIGH,7.50 Cr
MUKESH RAJPUT,BJP,UTTAR PRADESH,2019,74964501.0,explosive_growth,1470% growth: 47.75 L -> 7.50 Cr,HIGH,7.50 Cr
JUAL ORAM,BJP,ORISSA,2019,74185014.0,explosive_growth,1191% growth: 57.47 L -> 7.42 Cr,HIGH,7.42 Cr
SANDEEP DIKSHIT,INC,NCT OF DELHI,2014,73671067.0,explosive_growth,1446% growth: 47.65 L -> 7.37 Cr,HIGH,7.37 Cr
RAJESH VERMA,BJP,UTTAR PRADESH,2019,73129716.0,explosive_growth,1408% growth: 48.50 L -> 7.31 Cr,HIGH,7.31 Cr
SHIBU SOREN,JMM,BIHAR,2019,72593962.0,explosive_growth,1822% growth: 37.76 L -> 7.26 Cr,HIGH,7.26 Cr
BIKRAM KESHARI DEO,BJP,ORISSA,2014,69822063.0,explosive_growth,2057% growth: 32.37 L -> 6.98 Cr,HIGH,6.98 Cr
CHANDRAPAL SINGH YADAV,SP,UTTAR PRADESH,2014,69561317.0,explosive_growth,1211% growth: 53.08 L -> 6.96 Cr,HIGH,6.96 Cr
BHAIYA BALKRISHNA,GGP,MADHYA PRADESH,2009,69242636.0,zscore_assets_vs_party,Assets 6.92 Cr vs party mean 37.93 L (z=4.8),HIGH,6.92 Cr
HARISH NAGPAL,IND,UTTAR PRADESH,2004,67234623.0,zscore_assets_vs_party,Assets 6.72 Cr vs party mean 18.01 L (z=9.1),HIGH,6.72 Cr
MANEKA GANDHI (W),JP,UTTAR PRADESH,2004,66763700.0,zscore_assets_vs_party,Assets 6.68 Cr vs party mean 59.14 L (z=4.4),HIGH,6.68 Cr
ATUL KUMAR SINGH ANJAN,CPI,UTTAR PRADESH,2019,66536025.0,isolation_forest,very high assets (6.65 Cr); 13 criminal cases; 6878% asset growth; high liabilities (34.55 L),HIGH,6.65 Cr
ATUL KUMAR SINGH ANJAN,CPI,UTTAR PRADESH,2019,66536025.0,explosive_growth,6878% growth: 9.54 L -> 6.65 Cr,HIGH,6.65 Cr
SITARAM YADAV,Rashtriya Janata Dal,BIHAR,2014,63472115.0,explosive_growth,1221% growth: 48.05 L -> 6.35 Cr,HIGH,6.35 Cr
VIRENDRA PRADHAN,LJP,JHARKHAND,2009,63306146.0,zscore_assets_vs_party,Assets 6.33 Cr vs party mean 43.45 L (z=4.2),HIGH,6.33 Cr
SHIV KHERA,IND,NCT OF DELHI,2004,60352032.0,zscore_assets_vs_party,Assets 6.04 Cr vs party mean 18.01 L (z=8.2),HIGH,6.04 Cr
ADV. CHITTOOR RAJAMANNAR,Independent,KERALA,2014,60222146.0,explosive_growth,2425% growth: 23.85 L -> 6.02 Cr,HIGH,6.02 Cr
AMBEDKAR PRAKASH YASHAWANT,RPI,MAHARASHTRA,2019,58722916.0,explosive_growth,1171% growth: 46.19 L -> 5.87 Cr,HIGH,5.87 Cr
HEMLAL MURMU,BJP,JHARKHAND,2019,56991946.0,explosive_growth,3292% growth: 16.80 L -> 5.70 Cr,HIGH,5.70 Cr
RAGHAVA RAO JAKKA,PPOI,ANDHRA PRADESH,2009,56190000.0,zscore_assets_vs_party,Assets 5.62 Cr vs party mean 55.47 L (z=4.8),HIGH,5.62 Cr
AMARNATH PRADHAN,INC,ORISSA,2014,56069048.0,explosive_growth,1196% growth: 43.25 L -> 5.61 Cr,HIGH,5.61 Cr
KAUSHAL KISHORE,BJP,UTTAR PRADESH,2019,55530561.0,explosive_growth,2073% growth: 25.55 L -> 5.55 Cr,HIGH,5.55 Cr
AMNA KUMAR,IND,HARYANA,2019,55425964.0,explosive_growth,12217% growth: 4.50 L -> 5.54 Cr,HIGH,5.54 Cr
RATTAN LAL KATARIA,BJP,HARYANA,2019,54361499.0,explosive_growth,1167% growth: 42.92 L -> 5.44 Cr,HIGH,5.44 Cr
IBRAHIM C M,JD(S),KARNATAKA,2004,54207000.0,zscore_assets_vs_party,Assets 5.42 Cr vs party mean 76.98 L (z=4.4),HIGH,5.42 Cr
SELVAM.G,DMK,TAMIL NADU,2019,48172936.0,explosive_growth,10725% growth: 4.45 L -> 4.82 Cr,HIGH,4.82 Cr
GIRISH CHANDRA PASI,BSP,UTTAR PRADESH,2019,48145467.0,explosive_growth,1900% growth: 24.07 L -> 4.81 Cr,HIGH,4.81 Cr
M.P. VEERENDRA KUMAR,AD,KERALA,2004,47621096.0,zscore_assets_vs_party,Assets 4.76 Cr vs party mean 19.56 L (z=5.9),HIGH,4.76 Cr
RAM TAHAL CHOUDHARY,BJP,BIHAR,2019,45998584.0,explosive_growth,1075% growth: 39.15 L -> 4.60 Cr,HIGH,4.60 Cr
BHOLA PANDEY,INC,UTTAR PRADESH,2014,45246361.0,explosive_growth,5933% growth: 7.50 L -> 4.52 Cr,HIGH,4.52 Cr
SUNDER LAL TIWARI,INC,MADHYA PRADESH,2014,45035366.0,explosive_growth,1033% growth: 39.74 L -> 4.50 Cr,HIGH,4.50 Cr
DHANANJAY SINGH,Independent,UTTAR PRADESH,2014,43484973.0,explosive_growth,4214% growth: 10.08 L -> 4.35 Cr,HIGH,4.35 Cr
DR. SONEY LAL PATEL,AD,UTTAR PRADESH,2009,43402982.0,zscore_assets_vs_party,Assets 4.34 Cr vs party mean 42.36 L (z=4.5),HIGH,4.34 Cr
BIJOY KRISHNA HANDIQUE,INC,ASSAM,2014,43378685.0,explosive_growth,3099% growth: 13.56 L -> 4.34 Cr,HIGH,4.34 Cr
MEENA SINGH,JD(U),BIHAR,2009,42436500.0,zscore_assets_vs_party,Assets 4.24 Cr vs party mean 66.13 L (z=4.6),HIGH,4.24 Cr
USHA VARMA,SP,UTTAR PRADESH,2019,42403277.0,explosive_growth,4245% growth: 9.76 L -> 4.24 Cr,HIGH,4.24 Cr
SANTOSH SINGH,IND,MADHYA PRADESH,2019,41719076.0,explosive_growth,1537% growth: 25.48 L -> 4.17 Cr,HIGH,4.17 Cr
BANOTH MOLCHAND,LSP,ANDHRA PRADESH,2014,40179000.0,explosive_growth,3878% growth: 10.10 L -> 4.02 Cr,HIGH,4.02 Cr
BHUBNESHWAR PRASAD MEHTA,Communist Party of India,JHARKHAND,2019,38958977.0,explosive_growth,3915% growth: 9.70 L -> 3.90 Cr,HIGH,3.90 Cr
KUDALE VIVEK ANANT,BSP,MAHARASHTRA,2004,36959500.0,zscore_assets_vs_party,Assets 3.70 Cr vs party mean 30.93 L (z=4.6),HIGH,3.70 Cr
ADHIKARI SISIR KUMAR,AITC,WEST BENGAL,2019,33979650.0,explosive_growth,3037% growth: 10.83 L -> 3.40 Cr,HIGH,3.40 Cr
"SHIV PRAKASH MISHRA ""SENANI""",BSP,UTTAR PRADESH,2004,33210521.0,zscore_assets_vs_party,Assets 3.32 Cr vs party mean 30.93 L (z=4.1),HIGH,3.32 Cr
GANESAN LA,BJP,TAMIL NADU,2014,32900000.0,explosive_growth,"52229% growth: 62,871 -> 3.29 Cr",HIGH,3.29 Cr
RAMESH TALWAR,IND,PUNJAB,2004,31715878.0,zscore_assets_vs_party,Assets 3.17 Cr vs party mean 18.01 L (z=4.2),HIGH,3.17 Cr
DARA SINGH CHAUHAN,BSP,UTTAR PRADESH,2014,31543071.0,explosive_growth,1443% growth: 20.44 L -> 3.15 Cr,HIGH,3.15 Cr
M. SHIVANNA,PSP,MYSORE,2014,31402152.0,explosive_growth,3233% growth: 9.42 L -> 3.14 Cr,HIGH,3.14 Cr
RAGHUNATH RAMCHANDRA PATIL,Independent,MAHARASHTRA,2019,30995000.0,explosive_growth,1012% growth: 27.87 L -> 3.10 Cr,HIGH,3.10 Cr
BHIM CHANDRA ROY,IND,WEST BENGAL,2019,30818307.0,explosive_growth,4180% growth: 7.20 L -> 3.08 Cr,HIGH,3.08 Cr
KALIRAM TOMAR,IJP,NCT OF DELHI,2009,28974297.0,zscore_assets_vs_party,Assets 2.90 Cr vs party mean 29.08 L (z=4.3),HIGH,2.90 Cr
DHIRENDRA AGARWAL,RJD,JHARKHAND,2004,28085948.0,zscore_assets_vs_party,Assets 2.81 Cr vs party mean 47.07 L (z=4.3),HIGH,2.81 Cr
MICHAEL RAYAPPAN S,Independent,TAMIL NADU,2019,27226236.0,dramatic_drop,-88.7% drop: 24.07 Cr -> 2.72 Cr,HIGH,2.72 Cr
UMANG SINGHAR,INC,MADHYA PRADESH,2014,27003369.0,explosive_growth,1347% growth: 18.66 L -> 2.70 Cr,HIGH,2.70 Cr
DR.SHAKEEL AHMAD,Independent,BIHAR,2019,26802196.0,explosive_growth,1342% growth: 18.59 L -> 2.68 Cr,HIGH,2.68 Cr
REKHA KUMARI,Purvanchal Mahapanchayat,BIHAR,2019,26631500.0,explosive_growth,16040% growth: 1.65 L -> 2.66 Cr,HIGH,2.66 Cr
SHIV PRASAD VERMA,BSP,UTTAR PRADESH,2014,26102946.0,explosive_growth,1074% growth: 22.24 L -> 2.61 Cr,HIGH,2.61 Cr
SHAIKH FATEH MOHAMMAD,IND,MAHARASHTRA,2019,25642574.0,explosive_growth,1410% growth: 16.98 L -> 2.56 Cr,HIGH,2.56 Cr
PALANI.P,IND,TAMIL NADU,2014,24953196.0,explosive_growth,11506% growth: 2.15 L -> 2.50 Cr,HIGH,2.50 Cr
KUMAR DEEPAK DAS,Asom Gana Parishad,ASSAM,2019,23701000.0,explosive_growth,1902% growth: 11.84 L -> 2.37 Cr,HIGH,2.37 Cr
JAGAT VIKRAM SINGH,Pragatishil Samajwadi Party (Lohia),UTTAR PRADESH,2019,23417000.0,explosive_growth,1555% growth: 14.15 L -> 2.34 Cr,HIGH,2.34 Cr
PAKAURI LAL,AD,UTTAR PRADESH,2019,23048078.0,explosive_growth,1208% growth: 17.63 L -> 2.30 Cr,HIGH,2.30 Cr
VISHNUDEO SAI,BJP,MADHYA PRADESH,2014,21576220.0,explosive_growth,2299% growth: 8.99 L -> 2.16 Cr,HIGH,2.16 Cr
FURKAN ANSARI,INC,BIHAR,2014,21332923.0,explosive_growth,1322% growth: 15.00 L -> 2.13 Cr,HIGH,2.13 Cr
SANSUMA KHUNGGUR BWISWMUTHIARY,Independent,ASSAM,2014,21117979.0,explosive_growth,1146% growth: 16.95 L -> 2.11 Cr,HIGH,2.11 Cr
LAXMAN GILUA,BJP,BIHAR,2019,19516408.0,explosive_growth,1156% growth: 15.54 L -> 1.95 Cr,HIGH,1.95 Cr
DR K P SINGH,Independent,HARYANA,2019,19195000.0,explosive_growth,2185% growth: 8.40 L -> 1.92 Cr,HIGH,1.92 Cr
NANDKUMAR SINGH CHOUHAN (NANDU BHAIYA),BJP,MADHYA PRADESH,2019,19076515.0,explosive_growth,4442% growth: 4.20 L -> 1.91 Cr,HIGH,1.91 Cr
BIR SINGH MAHATO,All India Forward Bloc,WEST BENGAL,2019,17909890.0,explosive_growth,1115% growth: 14.74 L -> 1.79 Cr,HIGH,1.79 Cr
AYODHI L,Independent,TAMIL NADU,2019,17834671.0,explosive_growth,1071% growth: 15.24 L -> 1.78 Cr,HIGH,1.78 Cr
P KARUNAKARAN,CPM,KERALA,2009,17823645.0,zscore_assets_vs_party,Assets 1.78 Cr vs party mean 33.81 L (z=4.4),HIGH,1.78 Cr
SHIVCHANDRA PASWAN,IND,BIHAR,2019,17375975.0,explosive_growth,2707% growth: 6.19 L -> 1.74 Cr,HIGH,1.74 Cr
KAZI NEKIB AHMED,Regional Democratic Secular Congress,ASSAM,2014,16650020.0,explosive_growth,1857% growth: 8.51 L -> 1.67 Cr,HIGH,1.67 Cr
GEORGE JOSEPH,IND,KERALA,2019,16306010.0,explosive_growth,1164% growth: 12.90 L -> 1.63 Cr,HIGH,1.63 Cr
DADAN SINGH,IND,BIHAR,2009,15983699.0,explosive_growth,1323% growth: 11.23 L -> 1.60 Cr,HIGH,1.60 Cr
AJAY CHAKRABORTY,CPI,WEST BENGAL,2009,15389448.0,zscore_assets_vs_party,Assets 1.54 Cr vs party mean 23.64 L (z=4.5),HIGH,1.54 Cr
TARSEM JODHAN,CPI(ML)(L),PUNJAB,2009,14546984.0,zscore_assets_vs_party,Assets 1.45 Cr vs party mean 9.91 L (z=5.7),HIGH,1.45 Cr
SHRIKANT RAMRAO JEDHE,RSPS,MAHARASHTRA,2009,14320000.0,zscore_assets_vs_party,Assets 1.43 Cr vs party mean 13.91 L (z=4.5),HIGH,1.43 Cr
MOHAN JENA,JD,ORISSA,2019,13861925.0,explosive_growth,1493% growth: 8.70 L -> 1.39 Cr,HIGH,1.39 Cr
RAMHIT NISHAD,IND,UTTAR PRADESH,2014,13799549.0,explosive_growth,2633% growth: 5.05 L -> 1.38 Cr,HIGH,1.38 Cr
DR. PREM SINGH,Socialist Party (India),NCT OF DELHI,2014,13650000.0,explosive_growth,"22131% growth: 61,400 -> 1.36 Cr",HIGH,1.36 Cr
SUSHILKUMAR ALIS BALUBHAIYYA,RPI(A),MADHYA PRADESH,2009,13600000.0,zscore_assets_vs_party,Assets 1.36 Cr vs party mean 11.54 L (z=5.0),HIGH,1.36 Cr
NITYA NAND SHUKLA,SP,UTTAR PRADESH,2014,13343497.0,explosive_growth,1228% growth: 10.05 L -> 1.33 Cr,HIGH,1.33 Cr
RAJENDRA KUMAR,IND,UTTAR PRADESH,2019,12864500.0,explosive_growth,3038% growth: 4.10 L -> 1.29 Cr,HIGH,1.29 Cr
M.K. RAGHAVAN,INC,KERALA,2019,12502009.0,explosive_growth,"19619% growth: 63,400 -> 1.25 Cr",HIGH,1.25 Cr
RAN SINGH,Independent,HARYANA,2014,12226000.0,explosive_growth,3506% growth: 3.39 L -> 1.22 Cr,HIGH,1.22 Cr
JAI KRISHNA MANDAL,SAP,BIHAR,2004,11732223.0,zscore_assets_vs_party,Assets 1.17 Cr vs party mean 13.62 L (z=4.1),HIGH,1.17 Cr
MANI CHARENAMEI,Independent,MANIPUR,2014,11422552.0,explosive_growth,5472% growth: 2.05 L -> 1.14 Cr,HIGH,1.14 Cr
SUBRATA ADHIKARY,Independent,WEST BENGAL,2014,11228268.0,explosive_growth,1540% growth: 6.84 L -> 1.12 Cr,HIGH,1.12 Cr
MOHD.TAHIR,BSP,UTTAR PRADESH,2009,10839346.0,explosive_growth,9188% growth: 1.17 L -> 1.08 Cr,HIGH,1.08 Cr
SUNIL CHOUDHARY,IND,BIHAR,2009,10315696.0,explosive_growth,7598% growth: 1.34 L -> 1.03 Cr,HIGH,1.03 Cr
GAVIT SOBAJI DEVALYA,Independent,MAHARASHTRA,2014,10100000.0,explosive_growth,3940% growth: 2.50 L -> 1.01 Cr,HIGH,1.01 Cr
PADHIYAR GOVINDBHAI LALJIBHAI,IND,GUJARAT,2014,10051180.0,zscore_growth,Growth 3350293% (300 -> 1.01 Cr) z=33.8,HIGH,1.01 Cr
PADHIYAR GOVINDBHAI LALJIBHAI,IND,GUJARAT,2014,10051180.0,explosive_growth,3350293% growth: 300 -> 1.01 Cr,HIGH,1.01 Cr
AJAY TAMTA,BJP,UTTARAKHAND,2019,9910448.0,explosive_growth,1839% growth: 5.11 L -> 99.10 L,HIGH,99.10 L
NARENDRA WAMAN MORE,PRBP,MAHARASHTRA,2019,9700000.0,explosive_growth,"64567% growth: 15,000 -> 97.00 L",HIGH,97.00 L
RAJESH NAGAR,RDMP,NCT OF DELHI,2009,9630000.0,zscore_assets_vs_party,Assets 96.30 L vs party mean 14.64 L (z=4.2),HIGH,96.30 L
PRASHANNA KUMAR,Independent,BIHAR,2014,9574085.0,explosive_growth,1100% growth: 7.98 L -> 95.74 L,HIGH,95.74 L
TARIT BARAN TOPDAR,CPM,WEST BENGAL,2004,9453015.0,zscore_assets_vs_party,Assets 94.53 L vs party mean 18.14 L (z=4.2),HIGH,94.53 L
SHIVAJI JAYSING KOKARE,Independent,MAHARASHTRA,2014,9381000.0,explosive_growth,2134% growth: 4.20 L -> 93.81 L,HIGH,93.81 L
RAMESH CHANDRA SHARMA ADVOCATE,IND,RAJASTHAN,2014,9353600.0,explosive_growth,5674% growth: 1.62 L -> 93.54 L,HIGH,93.54 L
THIRUMAAVALAVAN THOL,Viduthalai Chiruthaigal Katchi,TAMIL NADU,2019,9244092.0,explosive_growth,5394% growth: 1.68 L -> 92.44 L,HIGH,92.44 L
RABINDRA KUMAR JAISWAL,Independent,WEST BENGAL,2019,9206000.0,explosive_growth,5910% growth: 1.53 L -> 92.06 L,HIGH,92.06 L
BILKAN BARA,Samajwadi Jan Parishad,WEST BENGAL,2014,9069500.0,explosive_growth,2844% growth: 3.08 L -> 90.69 L,HIGH,90.69 L
MD. ALI HUSSAIN,IND,ORISSA,2014,9030000.0,explosive_growth,"10524% growth: 85,000 -> 90.30 L",HIGH,90.30 L
MEHBOOBA MUFTI,Jammu & Kashmir Peoples Democratic Party,JAMMU & KASHMIR,2019,8903857.0,explosive_growth,1879% growth: 4.50 L -> 89.04 L,HIGH,89.04 L
E.T. MUHAMMED BASHEER,Indian Union Muslim League,KERALA,2019,8103274.0,explosive_growth,1237% growth: 6.06 L -> 81.03 L,HIGH,81.03 L
AMAR NATH YADAV,Communist Party of India  (Marxist-Leninist)  (Liberation),BIHAR,2019,8089901.0,explosive_growth,1838% growth: 4.17 L -> 80.90 L,HIGH,80.90 L
MADHULATA DEVI,Aam Janta Party Rashtriya,BIHAR,2019,7783673.0,explosive_growth,2946% growth: 2.56 L -> 77.84 L,HIGH,77.84 L
BENJAMIN RAJU,IJP,ANDHRA PRADESH,2019,7558960.0,explosive_growth,3679% growth: 2.00 L -> 75.59 L,HIGH,75.59 L
SUBASH CHANDER SETHI,IND,JAMMU & KASHMIR,2019,7480000.0,explosive_growth,1134% growth: 6.06 L -> 74.80 L,HIGH,74.80 L
KRIPA SHANKAR BHAGAT,Bhartiya Tribal Party,CHHATTISGARH,2019,7403439.0,explosive_growth,1168% growth: 5.84 L -> 74.03 L,HIGH,74.03 L
SUKHDEV SINGH BARI,IND,PUNJAB,2014,7126030.0,explosive_growth,1936% growth: 3.50 L -> 71.26 L,HIGH,71.26 L
SHANKAR MAHTO,BSP,BIHAR,2019,7073515.0,explosive_growth,1352% growth: 4.87 L -> 70.74 L,HIGH,70.74 L
CHAMRA LINDA,All India Trinamool Congress,JHARKHAND,2014,7010805.0,explosive_growth,"26865% growth: 26,000 -> 70.11 L",HIGH,70.11 L
SITARAM SINGH,RJD,BIHAR,2009,6937000.0,explosive_growth,3701% growth: 1.82 L -> 69.37 L,HIGH,69.37 L
NARAYAN KUMAR RAM,IND,BIHAR,2019,6916000.0,explosive_growth,1848% growth: 3.55 L -> 69.16 L,HIGH,69.16 L
KANAGARAJ. T,Independent,TAMIL NADU,2019,6795516.0,explosive_growth,1193% growth: 5.26 L -> 67.96 L,HIGH,67.96 L
RAM SUNDAR DASS,Janata Dal  (United),BIHAR,2014,6748748.0,explosive_growth,1223% growth: 5.10 L -> 67.49 L,HIGH,67.49 L
K.VENKATESH,IND,KARNATAKA,2014,6744000.0,explosive_growth,"37367% growth: 18,000 -> 67.44 L",HIGH,67.44 L
ISHWARI PRASAD KUSHAWAHA,Communist Party of India  (Marxist-Leninist)  (Liberation),UTTAR PRADESH,2019,6620093.0,explosive_growth,"7096% growth: 92,000 -> 66.20 L",HIGH,66.20 L
TABA TAKU,Lok Bharati,ARUNACHAL PRADESH,2014,6200000.0,explosive_growth,"61900% growth: 10,000 -> 62.00 L",HIGH,62.00 L
RAJU MAHADEVRAO SONONE,Independent,MAHARASHTRA,2019,6177000.0,explosive_growth,1367% growth: 4.21 L -> 61.77 L,HIGH,61.77 L
TAPAN SIKDAR,BJP,WEST BENGAL,2014,5908115.0,explosive_growth,2090% growth: 2.70 L -> 59.08 L,HIGH,59.08 L
GIRIDHAR GAMANG,INC,ORISSA,2014,5895460.0,explosive_growth,1182% growth: 4.60 L -> 58.95 L,HIGH,58.95 L
MUSHTAQ SHAMIM,Akhil Bharatiya Muslim League (Secular),JAMMU & KASHMIR,2014,5605000.0,explosive_growth,2569% growth: 2.10 L -> 56.05 L,HIGH,56.05 L
MANGALAPURI VENKATESWARLU,BRPP,ANDHRA PRADESH,2014,5482100.0,explosive_growth,"8022% growth: 67,500 -> 54.82 L",HIGH,54.82 L
SABDA RAM RABHA,INC,ASSAM,2019,5327404.0,explosive_growth,4377% growth: 1.19 L -> 53.27 L,HIGH,53.27 L
NARENDRA SINGH,BJP,MADHYA PRADESH,2019,5200226.0,dramatic_drop,-91.5% drop: 6.09 Cr -> 52.00 L,HIGH,52.00 L
MADHURI PANDAY,Independent,BIHAR,2019,5146000.0,explosive_growth,"55210% growth: 9,304 -> 51.46 L",HIGH,51.46 L
JAYARAM DUGGANI,BJP,ANDHRA PRADESH,2019,5100000.0,explosive_growth,1519% growth: 3.15 L -> 51.00 L,HIGH,51.00 L
SAJAL ADHIKARI,Communist Party of India  (Marxist-Leninist)  (Liberation),WEST BENGAL,2019,4708000.0,explosive_growth,1862% growth: 2.40 L -> 47.08 L,HIGH,47.08 L
BIRJU NAYAK,Independent,NCT OF DELHI,2019,4589741.0,explosive_growth,"4983% growth: 90,300 -> 45.90 L",HIGH,45.90 L
MUKUL BISWAS,BSP,WEST BENGAL,2019,4427500.0,explosive_growth,1090% growth: 3.72 L -> 44.27 L,HIGH,44.27 L
MANOJ KUMAR PASWAN,IND,WEST BENGAL,2014,4421059.0,explosive_growth,"31479% growth: 14,000 -> 44.21 L",HIGH,44.21 L
PADAM CHANDRA GUPTA,Independent,UTTAR PRADESH,2014,4342000.0,explosive_growth,"9549% growth: 45,000 -> 43.42 L",HIGH,43.42 L
MOHOR UDDIN MONDAL,Independent,ASSAM,2014,4332581.0,explosive_growth,3839% growth: 1.10 L -> 43.33 L,HIGH,43.33 L
KALAVA SRINIVASULU,TDP,ANDHRA PRADESH,2009,4205517.0,explosive_growth,1300% growth: 3.00 L -> 42.06 L,HIGH,42.06 L
PRIYABRATA GARNAIK,KS,ORISSA,2019,4198300.0,explosive_growth,"7533% growth: 55,000 -> 41.98 L",HIGH,41.98 L
BIKRAM SINGH,IND,JAMMU & KASHMIR,2014,3895677.0,explosive_growth,"6711% growth: 57,200 -> 38.96 L",HIGH,38.96 L
SANJEEV KUMAR MISHRA,Yuva Vikas Party,UTTAR PRADESH,2019,3780483.0,explosive_growth,"3965% growth: 93,000 -> 37.80 L",HIGH,37.80 L
HIRASAN UIKEY,Gondvana Gantantra Party,MADHYA PRADESH,2014,3765446.0,explosive_growth,1023% growth: 3.35 L -> 37.65 L,HIGH,37.65 L
CHAUDHARY KIRTIKUMAR JESANGBHAI,IND,GUJARAT,2019,3708786.0,explosive_growth,1381% growth: 2.50 L -> 37.09 L,HIGH,37.09 L
BINOD GOGOI,Independent,ASSAM,2014,3600000.0,explosive_growth,"17900% growth: 20,000 -> 36.00 L",HIGH,36.00 L
GIRIRAJ.D,IND,TAMIL NADU,2014,3415000.0,explosive_growth,"4779% growth: 70,000 -> 34.15 L",HIGH,34.15 L
RAMESHWAR PATEL,INC,MADHYA PRADESH,2019,3370000.0,dramatic_drop,-89.3% drop: 3.14 Cr -> 33.70 L,HIGH,33.70 L
SUKRIT SHARDA,Independent,PUNJAB,2019,3333000.0,explosive_growth,1755% growth: 1.80 L -> 33.33 L,HIGH,33.33 L
INDRADEO KUMAR SINGH,Independent,BIHAR,2014,3312913.0,explosive_growth,"7262% growth: 45,000 -> 33.13 L",HIGH,33.13 L
DURGESH NANDAN SINGH,IND,BIHAR,2014,3273000.0,explosive_growth,"14130% growth: 23,000 -> 32.73 L",HIGH,32.73 L
QURESHI IKHALAQ MOHD. YUSUF,IND,MAHARASHTRA,2014,3199106.0,explosive_growth,"15896% growth: 20,000 -> 31.99 L",HIGH,31.99 L
CHAMBAL SINGH MARAVI,INC,MADHYA PRADESH,2019,3182853.0,explosive_growth,"4723% growth: 66,000 -> 31.83 L",HIGH,31.83 L
SURYA BHAVANI SINGH CHAWRA,Independent,RAJASTHAN,2014,3121717.0,explosive_growth,1501% growth: 1.95 L -> 31.22 L,HIGH,31.22 L
WAKCHAURE BHAUSAHEB RAJARAM,Independent,MAHARASHTRA,2019,2957808.0,dramatic_drop,-83.4% drop: 1.79 Cr -> 29.58 L,HIGH,29.58 L
RAM KUMAR MANJHI,Independent,BIHAR,2019,2860000.0,explosive_growth,2188% growth: 1.25 L -> 28.60 L,HIGH,28.60 L
RAMMURTI KESHVRAO CHIMOTE,Gondvana Gantantra Party,MAHARASHTRA,2014,2792000.0,explosive_growth,"3017% growth: 89,567 -> 27.92 L",HIGH,27.92 L
SUKHNAYAN,Jan Shakti Ekta Party,UTTAR PRADESH,2014,2691000.0,explosive_growth,1280% growth: 1.95 L -> 26.91 L,HIGH,26.91 L
AMP YADAV,Independent,BIHAR,2019,2636099.0,explosive_growth,"4051% growth: 63,500 -> 26.36 L",HIGH,26.36 L
UMAKANT RAHI,Shoshit Samaj Dal,BIHAR,2014,2610034.0,explosive_growth,2510% growth: 1.00 L -> 26.10 L,HIGH,26.10 L
PARVEEN KAMAL,ICS,PUNJAB,2019,2515000.0,explosive_growth,"4690% growth: 52,500 -> 25.15 L",HIGH,25.15 L
ADVOCATE MOULVI ZAMEERUDDIN,National Development Party,KARNATAKA,2019,2401259.0,explosive_growth,"11335% growth: 21,000 -> 24.01 L",HIGH,24.01 L
K. VENKATESULU,Pyramid Party of India,ANDHRA PRADESH,2019,2345567.0,explosive_growth,"4244% growth: 54,000 -> 23.46 L",HIGH,23.46 L
ABDUL RASHID SHAHEEN,JKN,JAMMU & KASHMIR,2014,2301000.0,dramatic_drop,-86.6% drop: 1.72 Cr -> 23.01 L,HIGH,23.01 L
PARAMESWAR KAND,SP,ORISSA,2014,2270000.0,explosive_growth,2062% growth: 1.05 L -> 22.70 L,HIGH,22.70 L
PUJAR D H,IND,KARNATAKA,2014,2219600.0,explosive_growth,"6066% growth: 36,000 -> 22.20 L",HIGH,22.20 L
ANBALAGAN V,Independent,TAMIL NADU,2019,2207000.0,explosive_growth,"7630% growth: 28,550 -> 22.07 L",HIGH,22.07 L
SANJAY NILKANTH GAWANDE,Independent,MAHARASHTRA,2014,2170000.0,explosive_growth,1787% growth: 1.15 L -> 21.70 L,HIGH,21.70 L
NAFIS AHAMAD,IND,BIHAR,2019,2156868.0,explosive_growth,1767% growth: 1.16 L -> 21.57 L,HIGH,21.57 L
KISHOR SAMRITE,Independent,MADHYA PRADESH,2019,2147000.0,zscore_growth,Growth 429300% (500 -> 21.47 L) z=4.3,HIGH,21.47 L
KISHOR SAMRITE,Independent,MADHYA PRADESH,2019,2147000.0,explosive_growth,429300% growth: 500 -> 21.47 L,HIGH,21.47 L
SUNITA CHAUDHARY,Jammu & Kashmir National Panthers Party,NCT OF DELHI,2014,2129016.0,explosive_growth,"19255% growth: 11,000 -> 21.29 L",HIGH,21.29 L
PRAVINBHAI MEGHJIBHAI DENGADA,Republican Party of India (A),GUJARAT,2014,2125000.0,explosive_growth,2025% growth: 1.00 L -> 21.25 L,HIGH,21.25 L
RAM LALAN YADAV,IND,UTTAR PRADESH,2019,2121330.0,explosive_growth,1809% growth: 1.11 L -> 21.21 L,HIGH,21.21 L
VINOD KUMAR RAJBHAR,Suheldev Bharatiya Samaj Party,UTTAR PRADESH,2019,2026650.0,explosive_growth,"4783% growth: 41,504 -> 20.27 L",HIGH,20.27 L
SURINDER KUMAR KHOSLA,Independent,PUNJAB,2014,1988000.0,explosive_growth,"3515% growth: 55,000 -> 19.88 L",HIGH,19.88 L
PANDIARAJAN K,DMDK,TAMIL NADU,2014,1958200.0,dramatic_drop,-98.7% drop: 14.59 Cr -> 19.58 L,HIGH,19.58 L
SUBU KECHI,People's Party of Arunachal,ARUNACHAL PRADESH,2019,1955000.0,explosive_growth,"195400% growth: 1,000 -> 19.55 L",HIGH,19.55 L
CHAVAN PRASHANT VASANT,BSP,MAHARASHTRA,2014,1930279.0,explosive_growth,1431% growth: 1.26 L -> 19.30 L,HIGH,19.30 L
GEETA MANDAL,Communist Party of India  (Marxist-Leninist)  (Liberation),JHARKHAND,2014,1887379.0,explosive_growth,1538% growth: 1.15 L -> 18.87 L,HIGH,18.87 L
BANDHU TIRKY,All India Trinamool Congress,JHARKHAND,2014,1832121.0,explosive_growth,"3564% growth: 50,000 -> 18.32 L",HIGH,18.32 L
NIRANJAN SAHA,Amra Bangalee,WEST BENGAL,2014,1830000.0,explosive_growth,1096% growth: 1.53 L -> 18.30 L,HIGH,18.30 L
SYED MOHD RAFIQ SHAH,Jammu & Kashmir National Panthers Party,JAMMU & KASHMIR,2014,1808145.0,explosive_growth,"21529% growth: 8,360 -> 18.08 L",HIGH,18.08 L
ABDUS SATTAR MUJAHED,Akhil Bharatiya Muslim League (Secular),ANDHRA PRADESH,2014,1785000.0,explosive_growth,"2131% growth: 80,000 -> 17.85 L",HIGH,17.85 L
SUBHASH PASWAN,Independent,BIHAR,2019,1770000.0,explosive_growth,"1845% growth: 91,000 -> 17.70 L",HIGH,17.70 L
PRADIP KUMAR MALLICK,BSP,ORISSA,2014,1760000.0,explosive_growth,"87900% growth: 2,000 -> 17.60 L",HIGH,17.60 L
SOLANKI DINUBHAI BOGHABHAI,Bahujan Mukti Party,GUJARAT,2014,1695000.0,dramatic_drop,-91.3% drop: 1.95 Cr -> 16.95 L,HIGH,16.95 L
RAJENDRA YADAV,IND,BIHAR,2009,1679032.0,explosive_growth,1099% growth: 1.40 L -> 16.79 L,HIGH,16.79 L
LAIQ AHMAD,AD,UTTAR PRADESH,2014,1645600.0,explosive_growth,1075% growth: 1.40 L -> 16.46 L,HIGH,16.46 L
SANJEEV KUMAR ATWAL,DBSP,PUNJAB,2014,1572847.0,explosive_growth,"1750% growth: 85,000 -> 15.73 L",HIGH,15.73 L
BAALASUBRAMANI P,ADMK,TAMIL NADU,2014,1511000.0,dramatic_drop,-94.0% drop: 2.50 Cr -> 15.11 L,HIGH,15.11 L
SURYODAY PASWAN,Sankhyanupati Bhagidari Party,BIHAR,2019,1450000.0,explosive_growth,"28900% growth: 5,000 -> 14.50 L",HIGH,14.50 L
"RENGARASU, M.",Independent,TAMIL NADU,2014,1350950.0,explosive_growth,"6655% growth: 20,000 -> 13.51 L",HIGH,13.51 L
MANNAN M P,Independent,TAMIL NADU,2019,1316969.0,explosive_growth,"1363% growth: 90,000 -> 13.17 L",HIGH,13.17 L
ASHOK SHANKARRAO CHAVAN,INC,MAHARASHTRA,2019,1304000.0,dramatic_drop,-99.7% drop: 38.88 Cr -> 13.04 L,HIGH,13.04 L
KU. KUNJAWATI,IND,UTTAR PRADESH,2014,1249585.0,explosive_growth,"12396% growth: 10,000 -> 12.50 L",HIGH,12.50 L
GEDDAM SAMPADA RAO,BSP,ANDHRA PRADESH,2014,1174000.0,explosive_growth,"5770% growth: 20,000 -> 11.74 L",HIGH,11.74 L
SOU. NAGMANI KISAN JAKKAN,IND,MAHARASHTRA,2014,1165000.0,explosive_growth,"5725% growth: 20,000 -> 11.65 L",HIGH,11.65 L
SAYED MINHAJ ALI WAJED ALI (PENDKHAJUR WALE),IND,MAHARASHTRA,2014,1125000.0,explosive_growth,1025% growth: 1.00 L -> 11.25 L,HIGH,11.25 L
VARALI LAXMANBHAI CHHAGANBHAI,Communist Party of India  (Marxist-Leninist)  (Liberation),GUJARAT,2014,1104125.0,explosive_growth,"8393% growth: 13,000 -> 11.04 L",HIGH,11.04 L
PARMAR HITENDRASINH MOHANSINH,Bharatiya National Janta Dal,GUJARAT,2014,1095800.0,explosive_growth,"11435% growth: 9,500 -> 10.96 L",HIGH,10.96 L
SHAFFI AHMED,Independent,KARNATAKA,2014,1025000.0,explosive_growth,"1181% growth: 80,000 -> 10.25 L",HIGH,10.25 L
RAMBRIKSHA,Independent,UTTAR PRADESH,2014,1024540.0,explosive_growth,"1134% growth: 83,000 -> 10.25 L",HIGH,10.25 L
MRITYUNJAY MAHATO,Independent,WEST BENGAL,2019,1015951.0,explosive_growth,"4591% growth: 21,656 -> 10.16 L",HIGH,10.16 L
MD. OSMAN,Independent,ANDHRA PRADESH,2014,977524.0,explosive_growth,"3810% growth: 25,000 -> 9.78 L",HIGH,9.78 L
BUDDULA SRINIVASULU,IND,ANDHRA PRADESH,2019,925000.0,dramatic_drop,-92.0% drop: 1.15 Cr -> 9.25 L,HIGH,9.25 L
DR. KUMAR PUSHPANJAY,LJP,BIHAR,2014,920000.0,dramatic_drop,-93.3% drop: 1.38 Cr -> 9.20 L,HIGH,9.20 L
TITUS BHENGRA,Bahujan Mukti Party,ASSAM,2019,910903.0,explosive_growth,"13914% growth: 6,500 -> 9.11 L",HIGH,9.11 L
GEORGE TIRKEY,JMM,ORISSA,2019,901058.0,dramatic_drop,-87.7% drop: 73.55 L -> 9.01 L,HIGH,9.01 L
NAND LAL PASWAN,IND,BIHAR,2014,856973.0,explosive_growth,"2757% growth: 30,000 -> 8.57 L",HIGH,8.57 L
GENDA LAL PAL,RALP,UTTAR PRADESH,2009,825000.0,explosive_growth,"1015% growth: 74,000 -> 8.25 L",HIGH,8.25 L
HARI MITTER,Peoples Party of India (Democratic),PUNJAB,2019,803049.0,explosive_growth,"1459% growth: 51,500 -> 8.03 L",HIGH,8.03 L
SATYA NARAYAN WRITER,IND,BIHAR,2009,800000.0,explosive_growth,"1900% growth: 40,000 -> 8.00 L",HIGH,8.00 L
IMTIYAZ AHMAD RATHER,Independent,JAMMU & KASHMIR,2019,790000.0,explosive_growth,131567% growth: 600 -> 7.90 L,HIGH,7.90 L
RATUL KUMAR CHOUDHURY,SP,ASSAM,2014,780000.0,explosive_growth,"1560% growth: 47,000 -> 7.80 L",HIGH,7.80 L
CHHOTELAL MAHTO,Independent,BIHAR,2019,765000.0,explosive_growth,"7550% growth: 10,000 -> 7.65 L",HIGH,7.65 L
P. CHIDAMBARAM,INC,TAMIL NADU,2019,722500.0,dramatic_drop,-99.7% drop: 26.79 Cr -> 7.22 L,HIGH,7.22 L
MADESH.C,Independent,KARNATAKA,2019,637553.0,explosive_growth,"2450% growth: 25,000 -> 6.38 L",HIGH,6.38 L
VIJAY HANS,Democratic Bharatiya Samaj Party,PUNJAB,2014,620000.0,explosive_growth,"13678% growth: 4,500 -> 6.20 L",HIGH,6.20 L
KUSHESHWAR BHAGAT,Independent,HARYANA,2019,604000.0,explosive_growth,"1676% growth: 34,000 -> 6.04 L",HIGH,6.04 L
AMRIT TIRKEY,Pragatishil Samajwadi Party (Lohia),CHHATTISGARH,2019,600000.0,explosive_growth,"1100% growth: 50,000 -> 6.00 L",HIGH,6.00 L
RAM SUDHI,Jan Shakti Ekta Party,UTTAR PRADESH,2014,537000.0,explosive_growth,"1375% growth: 36,400 -> 5.37 L",HIGH,5.37 L
GAJJALA RAMA SUBBA REDDY,Pyramid Party of India,ANDHRA PRADESH,2014,535800.0,dramatic_drop,-86.4% drop: 39.50 L -> 5.36 L,HIGH,5.36 L
ASHOK DNYANU MANE(BHAU),Independent,MAHARASHTRA,2014,527584.0,explosive_growth,"52658% growth: 1,000 -> 5.28 L",HIGH,5.28 L
RAMAKANT PANDEY MALAIHNA,Independent,MADHYA PRADESH,2014,515000.0,dramatic_drop,-88.0% drop: 42.95 L -> 5.15 L,HIGH,5.15 L
SHAJAHAN SHEIKH,Voters Party  International,ASSAM,2019,513496.0,explosive_growth,"2288% growth: 21,500 -> 5.13 L",HIGH,5.13 L
NAND KUMAR LODHI RAJPOOT,Rashtriya Krantikari Samajwadi Party,UTTAR PRADESH,2014,500000.0,explosive_growth,"1150% growth: 40,000 -> 5.00 L",HIGH,5.00 L
BAGUL BALU DASHARATH,IND,MAHARASHTRA,2014,483000.0,dramatic_drop,-80.7% drop: 25.03 L -> 4.83 L,HIGH,4.83 L
SUBHASH SHUKLA,Independent,MADHYA PRADESH,2019,459000.0,explosive_growth,"15200% growth: 3,000 -> 4.59 L",HIGH,4.59 L
G. NAGENDRA,Independent,KARNATAKA,2019,459000.0,explosive_growth,"9080% growth: 5,000 -> 4.59 L",HIGH,4.59 L
RAIR CHAND,Independent,HARYANA,2014,438500.0,dramatic_drop,-89.8% drop: 43.13 L -> 4.38 L,HIGH,4.38 L
V. NARAYANA SWAMY,IND,KARNATAKA,2014,401390.0,dramatic_drop,-84.5% drop: 25.97 L -> 4.01 L,HIGH,4.01 L
GADDAM SRINIVAS,IND,ANDHRA PRADESH,2019,395000.0,dramatic_drop,-96.5% drop: 1.14 Cr -> 3.95 L,HIGH,3.95 L
KARTHIKEYAN G,IND,TAMIL NADU,2019,380407.0,explosive_growth,"2826% growth: 13,000 -> 3.80 L",HIGH,3.80 L
RAJ PAUL CHAUHAN,BPD,NCT OF DELHI,2014,370000.0,dramatic_drop,-97.6% drop: 1.52 Cr -> 3.70 L,HIGH,3.70 L
SANGRAM KUMAR,IND,BIHAR,2019,367500.0,explosive_growth,"7250% growth: 5,000 -> 3.67 L",HIGH,3.67 L
BALASUBRAMANIAN K,Communist Party of India,TAMIL NADU,2014,332000.0,dramatic_drop,-99.7% drop: 11.59 Cr -> 3.32 L,HIGH,3.32 L
GANESAN. L,Tamil Nadu Ilangyar Katchi,TAMIL NADU,2019,319328.0,dramatic_drop,-83.2% drop: 19.00 L -> 3.19 L,HIGH,3.19 L
KALARA RAMSINGBHAI NANJIBHAI,Hindusthan Nirman Dal,GUJARAT,2019,283616.0,dramatic_drop,-95.8% drop: 67.81 L -> 2.84 L,HIGH,2.84 L
VEERPAL KAUR,Independent,PUNJAB,2019,281700.0,dramatic_drop,-86.3% drop: 20.55 L -> 2.82 L,HIGH,2.82 L
MOHHAMAD YUSUF FAROOKH KHAN,IND,MAHARASHTRA,2019,279000.0,explosive_growth,"13850% growth: 2,000 -> 2.79 L",HIGH,2.79 L
GANESH M.A.S.S,AITC,TAMIL NADU,2014,275100.0,dramatic_drop,-86.9% drop: 21.00 L -> 2.75 L,HIGH,2.75 L
LAL JI BHAI MEENA,Ambedkarite Party of India,RAJASTHAN,2019,265000.0,dramatic_drop,-95.8% drop: 63.65 L -> 2.65 L,HIGH,2.65 L
RAJESH SINGH BAGHEL,GGP,MADHYA PRADESH,2019,233985.0,explosive_growth,"19399% growth: 1,200 -> 2.34 L",HIGH,2.34 L
TUPSUNDARE BALAJI BAPURAO,Independent,MAHARASHTRA,2014,198000.0,explosive_growth,"1786% growth: 10,500 -> 1.98 L",HIGH,1.98 L
INDER SINGH UIKEY,Ambedkarite Party of India,MADHYA PRADESH,2014,195000.0,explosive_growth,"1200% growth: 15,000 -> 1.95 L",HIGH,1.95 L
ANANDAN M,Communist Party of India  (Marxist),TAMIL NADU,2014,192800.0,dramatic_drop,-97.8% drop: 89.39 L -> 1.93 L,HIGH,1.93 L
ALOK KUMAR SINGH,IND,UTTAR PRADESH,2009,188315.0,dramatic_drop,-98.8% drop: 1.63 Cr -> 1.88 L,HIGH,1.88 L
INDRESH MAIKHURI,Communist Party of India  (Marxist-Leninist)  (Liberation),UTTARAKHAND,2014,172487.0,explosive_growth,"6471% growth: 2,625 -> 1.72 L",HIGH,1.72 L
NADE DNYANESHWAR DAGDU,Independent,MAHARASHTRA,2019,135000.0,explosive_growth,"2600% growth: 5,000 -> 1.35 L",HIGH,1.35 L
RAJENDRAN.M,IND,TAMIL NADU,2014,129378.0,dramatic_drop,-95.5% drop: 28.50 L -> 1.29 L,HIGH,1.29 L
SAILEN KUMAR MAHATO,JKP,BIHAR,2019,124811.0,dramatic_drop,-95.9% drop: 30.59 L -> 1.25 L,HIGH,1.25 L
RAVNEET SINGH,INC,PUNJAB,2019,120728.0,dramatic_drop,-99.4% drop: 2.18 Cr -> 1.21 L,HIGH,1.21 L
RAVIKUMAR.T,Independent,TAMIL NADU,2014,116000.0,dramatic_drop,-80.2% drop: 5.86 L -> 1.16 L,HIGH,1.16 L
ANVER SINGH,IND,UTTAR PRADESH,2019,111321.0,dramatic_drop,-89.4% drop: 10.48 L -> 1.11 L,HIGH,1.11 L
MOHAN P.,CPM,TAMIL NADU,2019,109050.0,dramatic_drop,-92.6% drop: 14.76 L -> 1.09 L,HIGH,1.09 L
JANAK ROY,Independent,BIHAR,2014,75000.0,dramatic_drop,"-98.4% drop: 48.16 L -> 75,000",HIGH,"75,000"
ASAITHAMBI.P,Communist Party of India  (Marxist-Leninist)  (Liberation),TAMIL NADU,2019,61000.0,explosive_growth,"12100% growth: 500 -> 61,000",HIGH,"61,000"
MONOWARA BEGAM,RDMP,WEST BENGAL,2019,61000.0,dramatic_drop,"-85.8% drop: 4.30 L -> 61,000",HIGH,"61,000"
ASHWANI KUMAR,IND,HIMACHAL PRADESH,2019,50000.0,explosive_growth,"5456% growth: 900 -> 50,000",HIGH,"50,000"
SHAIKH AKHIL SHAIKH RAHIM,NLP,MAHARASHTRA,2019,50000.0,dramatic_drop,"-91.8% drop: 6.10 L -> 50,000",HIGH,"50,000"
RAJESH KUMAR MISHRA,INC,UTTAR PRADESH,2014,48900.0,dramatic_drop,"-96.1% drop: 12.42 L -> 48,900",HIGH,"48,900"
BHANWAR SINGH RATHORE,All India Trinamool Congress,RAJASTHAN,2014,42000.0,dramatic_drop,"-98.6% drop: 30.25 L -> 42,000",HIGH,"42,000"
KUPPUSAMY.R.,IND,TAMIL NADU,2019,40000.0,dramatic_drop,"-92.3% drop: 5.20 L -> 40,000",HIGH,"40,000"
MOHAMAD YAHIYA SIDDIQUE,Independent,MAHARASHTRA,2019,37364.0,dramatic_drop,"-81.8% drop: 2.05 L -> 37,364",HIGH,"37,364"
RAJENDRA KUMARI,INC,UTTAR PRADESH,2019,31000.0,dramatic_drop,"-100.0% drop: 19.88 Cr -> 31,000",HIGH,"31,000"
FAYAZ AHMAD BHAT,Independent,JAMMU & KASHMIR,2019,31000.0,dramatic_drop,"-89.7% drop: 3.00 L -> 31,000",HIGH,"31,000"
RAJ KUMAR PASWAN,IND,BIHAR,2019,27000.0,dramatic_drop,"-96.8% drop: 8.40 L -> 27,000",HIGH,"27,000"
SHARMA BRIJESHKUMAR UJAGARLAL,Independent,GUJARAT,2019,26800.0,dramatic_drop,"-98.9% drop: 24.30 L -> 26,800",HIGH,"26,800"
SWAMI DAYAL GAUR,RTKP,UTTAR PRADESH,2014,21000.0,dramatic_drop,"-98.4% drop: 12.88 L -> 21,000",HIGH,"21,000"
SANKHALIYA NARENDRASINH MANSINH,LSWP,GUJARAT,2014,15750.0,dramatic_drop,"-94.1% drop: 2.68 L -> 15,750",HIGH,"15,750"
SUSANTA KUMAR JENA,IND,ORISSA,2014,15000.0,explosive_growth,"2900% growth: 500 -> 15,000",HIGH,"15,000"
RAMKRISHNA VERMA,Independent,CHHATTISGARH,2019,15000.0,dramatic_drop,"-99.7% drop: 51.01 L -> 15,000",HIGH,"15,000"
D. MURALIKRISHNA,BSP,ANDHRA PRADESH,2019,12796.0,dramatic_drop,"-99.8% drop: 67.64 L -> 12,796",HIGH,"12,796"
ARJAN RAM,BSP,RAJASTHAN,2019,11000.0,dramatic_drop,"-98.2% drop: 6.20 L -> 11,000",HIGH,"11,000"
DR. NIRMAL SINGH,BJP,JAMMU & KASHMIR,2019,10000.0,dramatic_drop,"-97.8% drop: 4.59 L -> 10,000",HIGH,"10,000"
HARMAIL SINGH,IND,PUNJAB,2009,8000.0,dramatic_drop,"-99.0% drop: 7.83 L -> 8,000",HIGH,"8,000"
MIHIR KUMAR RAJWAR,BSP,WEST BENGAL,2014,5000.0,dramatic_drop,"-96.3% drop: 1.36 L -> 5,000",HIGH,"5,000"
K.SOMASHEKHAR,IND,KARNATAKA,2014,3539.0,dramatic_drop,"-92.6% drop: 48,030 -> 3,539",HIGH,"3,539"
RAMPHER ALIAS CHUNTI,Independent,UTTAR PRADESH,2014,3500.0,dramatic_drop,"-98.6% drop: 2.59 L -> 3,500",HIGH,"3,500"
B.K NARAYANA SWAMY,IND,KARNATAKA,2014,3000.0,dramatic_drop,"-100.0% drop: 6.01 Cr -> 3,000",HIGH,"3,000"
PEJUSH KUMAR SAHANA,Communist Party of India  (Marxist-Leninist)  (Liberation),WEST BENGAL,2014,1654.0,dramatic_drop,"-99.0% drop: 1.70 L -> 1,654",HIGH,"1,654"
BALARAM HOTA,CPI(ML)(L),ORISSA,2014,1150.0,dramatic_drop,"-99.6% drop: 3.27 L -> 1,150",HIGH,"1,150"
K. SHYAMBABU SUBUDHI,IND,ORISSA,2019,1000.0,dramatic_drop,"-99.9% drop: 16.60 L -> 1,000",HIGH,"1,000"
RATAN DHOBI,IND,RAJASTHAN,2014,1000.0,dramatic_drop,"-98.3% drop: 60,000 -> 1,000",HIGH,"1,000"
MANIK CHANDRA MONDAL,Indian Union Muslim League,WEST BENGAL,2014,1000.0,dramatic_drop,"-90.0% drop: 10,000 -> 1,000",HIGH,"1,000"
GAIKWAD UMAJI PANDURANG,Independent,MAHARASHTRA,2014,597.0,dramatic_drop,"-98.5% drop: 40,000 -> 597",HIGH,597
MOHANRAJ J,JJ,TAMIL NADU,2009,19775251000.0,peer_group_outlier,">95th pctl in party (100%), state (100%), year (100%)",MEDIUM,"1,977.53 Cr"
JYOTIRADITYA MADHAVRAO SCINDIA,INC,MADHYA PRADESH,2019,3745618745.0,isolation_forest,very high assets (374.56 Cr); 10354% asset growth; high liabilities (29.00 L),MEDIUM,374.56 Cr
NAVEEN JINDAL,INC,HARYANA,2014,3083154000.0,isolation_forest,very high assets (308.32 Cr); 2442% asset growth; high liabilities (4.91 Cr),MEDIUM,308.32 Cr
MONI KUMAR SUBBA,Independent,ASSAM,2014,3067535137.0,isolation_forest,very high assets (306.75 Cr); 1545% asset growth; high liabilities (140.07 Cr),MEDIUM,306.75 Cr
SHATRUGHAN SINHA,INC,BIHAR,2019,1935459756.0,zscore_assets_vs_party,Assets 193.55 Cr vs party mean 24.10 Cr (z=3.5),MEDIUM,193.55 Cr
SUBHASH TIPPANNA NELGE,JD(S),KARNATAKA,2009,1496078273.0,zscore_assets_vs_party,Assets 149.61 Cr vs party mean 14.94 Cr (z=3.4),MEDIUM,149.61 Cr
PRAVEEN SINGH ARON,INC,UTTAR PRADESH,2019,1477686028.0,peer_group_outlier,">95th pctl in party (99%), state (100%), year (100%)",MEDIUM,147.77 Cr
PINAKI MISHRA,INC,ORISSA,2014,1370991203.0,zscore_assets_vs_party,Assets 137.10 Cr vs party mean 17.29 Cr (z=3.3),MEDIUM,137.10 Cr
NAVEEN JINDAL,INC,HARYANA,2009,1310730000.0,zscore_assets_vs_party,Assets 131.07 Cr vs party mean 7.75 Cr (z=3.1),MEDIUM,131.07 Cr
A.C. SHANMUGAM,ADK,TAMIL NADU,2019,1258459641.0,peer_group_outlier,">95th pctl in party (100%), state (100%), year (99%)",MEDIUM,125.85 Cr
KUNWAR DEVENDRA SINGH YADAV,BSP,UTTAR PRADESH,2014,1249971797.0,zscore_assets_vs_party,Assets 125.00 Cr vs party mean 7.74 Cr (z=3.8),MEDIUM,125.00 Cr
"JAGATHRAKSHAKAN, S. DR.",DMK,TAMIL NADU,2019,1146984897.0,peer_group_outlier,">95th pctl in party (100%), state (100%), year (99%)",MEDIUM,114.70 Cr
SUPRIYA SULE,NCP,MAHARASHTRA,2014,1139090851.0,peer_group_outlier,">95th pctl in party (100%), state (100%), year (99%)",MEDIUM,113.91 Cr
RENUKA CHOWDHURY,INC,ANDHRA PRADESH,2019,1131285724.0,peer_group_outlier,">95th pctl in party (99%), state (100%), year (99%)",MEDIUM,113.13 Cr
SHRUTI CHOUDHRY,INC,HARYANA,2014,1083115000.0,peer_group_outlier,">95th pctl in party (99%), state (99%), year (99%)",MEDIUM,108.31 Cr
R. SURENDRA BABU,JD(S),KARNATAKA,2009,1075502000.0,peer_group_outlier,">95th pctl in party (98%), state (100%), year (100%)",MEDIUM,107.55 Cr
DUTT PRIYA SUNIL,INC,MAHARASHTRA,2019,962096603.0,peer_group_outlier,">95th pctl in party (99%), state (100%), year (99%)",MEDIUM,96.21 Cr
VEDIRE NARSIMHA REDDY,INC,ANDHRA PRADESH,2019,943184220.0,peer_group_outlier,">95th pctl in party (98%), state (99%), year (99%)",MEDIUM,94.32 Cr
PRENEET KAUR,INC,PUNJAB,2014,863564071.0,peer_group_outlier,">95th pctl in party (98%), state (100%), year (99%)",MEDIUM,86.36 Cr
ARUN BHATIA,Peoples Guardian,MAHARASHTRA,2014,842515000.0,isolation_forest,very high assets (84.25 Cr); 4139% asset growth; high liabilities (80.00 L),MEDIUM,84.25 Cr
ANNUTANDON,INC,UTTAR PRADESH,2019,816046184.0,peer_group_outlier,">95th pctl in party (98%), state (100%), year (98%)",MEDIUM,81.60 Cr
MILIND MURLI DEORA,INC,MAHARASHTRA,2019,793200422.0,peer_group_outlier,">95th pctl in party (98%), state (100%), year (98%)",MEDIUM,79.32 Cr
BADRUDDIN AJMAL,All India United Democratic Front,ASSAM,2019,788064044.0,peer_group_outlier,">95th pctl in party (100%), state (100%), year (98%)",MEDIUM,78.81 Cr
P. BALRAM,INC,ANDHRA PRADESH,2014,737144941.0,isolation_forest,very high assets (73.71 Cr); 4187% asset growth; high liabilities (84.72 L),MEDIUM,73.71 Cr
Y.S. JAGAN MOHAN REDDY,INC,ANDHRA PRADESH,2009,728151658.0,peer_group_outlier,">95th pctl in party (98%), state (99%), year (100%)",MEDIUM,72.82 Cr
SATYNARAYAN PATEL,INC,MADHYA PRADESH,2014,699196061.0,peer_group_outlier,">95th pctl in party (98%), state (100%), year (99%)",MEDIUM,69.92 Cr
B.Y. RAGHAVENDRA,BJP,KARNATAKA,2019,674000000.0,zscore_assets_vs_party,Assets 67.40 Cr vs party mean 11.68 Cr (z=3.6),MEDIUM,67.40 Cr
D. SATYANARAYANA RAJU,INC,ANDHRA PRADESH,2019,673924565.0,peer_group_outlier,">95th pctl in party (98%), state (99%), year (98%)",MEDIUM,67.39 Cr
RADHAKRISHNAN C.P.,BJP,TAMIL NADU,2019,671140166.0,zscore_assets_vs_party,Assets 67.11 Cr vs party mean 11.68 Cr (z=3.6),MEDIUM,67.11 Cr
BEST S.RAMASAMY,KNMK,TAMIL NADU,2009,661532601.0,peer_group_outlier,">95th pctl in party (100%), state (99%), year (100%)",MEDIUM,66.15 Cr
S.BANGARAPPA,KTVP,KARNATAKA,2019,615887761.0,peer_group_outlier,">95th pctl in party (100%), state (99%), year (97%)",MEDIUM,61.59 Cr
BHOSALE SHRI CHH. UDAYANRAJE PRATAPSINGH,NCP,MAHARASHTRA,2014,606089208.0,peer_group_outlier,">95th pctl in party (97%), state (99%), year (98%)",MEDIUM,60.61 Cr
FEROZE VARUN GANDHI,BJP,UTTAR PRADESH,2019,603200539.0,zscore_assets_vs_party,Assets 60.32 Cr vs party mean 11.68 Cr (z=3.1),MEDIUM,60.32 Cr
SUDHISH L K,Desiya Murpokku Dravida Kazhagam,TAMIL NADU,2019,601747124.0,isolation_forest,very high assets (60.17 Cr); 5 criminal cases; 898% asset growth; high liabilities (17.52 Cr),MEDIUM,60.17 Cr
BAIJAYANT PANDA,BJD,ORISSA,2019,574415842.0,peer_group_outlier,">95th pctl in party (100%), state (99%), year (96%)",MEDIUM,57.44 Cr
VINCENT H PALA,INC,MEGHALAYA,2019,549515421.0,peer_group_outlier,">95th pctl in party (96%), state (95%), year (96%)",MEDIUM,54.95 Cr
"PALANISAMY, K. C.",DMK,TAMIL NADU,2004,546569007.0,zscore_assets_vs_party,Assets 54.66 Cr vs party mean 4.48 Cr (z=3.6),MEDIUM,54.66 Cr
PREMCHAND GUDDU,INC,MADHYA PRADESH,2014,535213275.0,peer_group_outlier,">95th pctl in party (96%), state (99%), year (98%)",MEDIUM,53.52 Cr
DR. AKHILESH DAS GUPTA,BSP,UTTAR PRADESH,2009,527490020.0,peer_group_outlier,">95th pctl in party (99%), state (99%), year (100%)",MEDIUM,52.75 Cr
AMARISHBHAI RASIKLAL PATEL,INC,MAHARASHTRA,2014,504197656.0,isolation_forest,very high assets (50.42 Cr); 21 criminal cases; high liabilities (14.29 Cr),MEDIUM,50.42 Cr
SHYAMA CHARAN GUPTA,BJP,UTTAR PRADESH,2014,472851707.0,peer_group_outlier,">95th pctl in party (99%), state (99%), year (98%)",MEDIUM,47.29 Cr
NISHIKANT DUBEY,BJP,JHARKHAND,2019,462757500.0,peer_group_outlier,">95th pctl in party (99%), state (100%), year (96%)",MEDIUM,46.28 Cr
ARUNSHANKARSHUKLA,SP,UTTAR PRADESH,2019,458367272.0,peer_group_outlier,">95th pctl in party (99%), state (99%), year (95%)",MEDIUM,45.84 Cr
MAHABAL MISHRA,INC,NCT OF DELHI,2019,450721618.0,peer_group_outlier,">95th pctl in party (96%), state (98%), year (95%)",MEDIUM,45.07 Cr
DEEPENDER SINGH,INC,HARYANA,2019,447255719.0,peer_group_outlier,">95th pctl in party (96%), state (98%), year (95%)",MEDIUM,44.73 Cr
SAURABH NARAIN SINGH,INC,JHARKHAND,2014,415506982.0,peer_group_outlier,">95th pctl in party (95%), state (99%), year (97%)",MEDIUM,41.55 Cr
SIRAJ UDDIN AJMAL,AUDF,ASSAM,2009,405028398.0,peer_group_outlier,">95th pctl in party (98%), state (98%), year (100%)",MEDIUM,40.50 Cr
BAJEER SINGH,IND,UTTAR PRADESH,2019,383629735.0,isolation_forest,very high assets (38.36 Cr); 8916% asset growth; high liabilities (10.02 Cr),MEDIUM,38.36 Cr
MUNDE GOPINATHRAO PANDURANG,BJP,MAHARASHTRA,2014,380072890.0,peer_group_outlier,">95th pctl in party (99%), state (99%), year (97%)",MEDIUM,38.01 Cr
RAJKUMARI RATNA SINGH,INC,UTTAR PRADESH,2019,362051733.0,isolation_forest,very high assets (36.21 Cr); 6 criminal cases; 3966% asset growth; high liabilities (10.08 L),MEDIUM,36.21 Cr
RAKESH SACHAN,INC,UTTAR PRADESH,2019,350670770.0,isolation_forest,very high assets (35.07 Cr); 8 criminal cases; 756% asset growth; high liabilities (6.78 Cr),MEDIUM,35.07 Cr
DAYASHANKAR PATWA,PECP,UTTAR PRADESH,2009,341801251.0,zscore_assets_vs_party,Assets 34.18 Cr vs party mean 3.30 Cr (z=3.2),MEDIUM,34.18 Cr
JAWAHAR LAL JAISWAL,SP,UTTAR PRADESH,2009,338538317.0,peer_group_outlier,">95th pctl in party (99%), state (98%), year (99%)",MEDIUM,33.85 Cr
ZAFAR ALAM,SP,UTTAR PRADESH,2014,331958000.0,zscore_assets_vs_party,Assets 33.20 Cr vs party mean 5.51 Cr (z=3.3),MEDIUM,33.20 Cr
K.H. MUNIYAPPA,INC,KARNATAKA,2019,329443821.0,isolation_forest,very high assets (32.94 Cr); 5225% asset growth; high liabilities (14.38 Cr),MEDIUM,32.94 Cr
MUTHUVELRAJ P,DMDK,TAMIL NADU,2009,316178200.0,zscore_assets_vs_party,Assets 31.62 Cr vs party mean 3.91 Cr (z=3.8),MEDIUM,31.62 Cr
D S K ALIAS D.S.KULKARNI,BSP,MAHARASHTRA,2009,297271842.0,peer_group_outlier,">95th pctl in party (99%), state (98%), year (99%)",MEDIUM,29.73 Cr
PINAKI MISRA,BJD,ORISSA,2009,296900000.0,zscore_assets_vs_party,Assets 29.69 Cr vs party mean 4.16 Cr (z=3.1),MEDIUM,29.69 Cr
ADHALRAO SHIVAJI DATTATRAY,Shivsena,MAHARASHTRA,2019,290165511.0,isolation_forest,very high assets (29.02 Cr); 10 criminal cases; high liabilities (4.99 Cr),MEDIUM,29.02 Cr
PUSHPRAJ SINGH,SP,MADHYA PRADESH,2009,286631238.0,peer_group_outlier,">95th pctl in party (98%), state (99%), year (99%)",MEDIUM,28.66 Cr
G.S.BASAVARAJ,BJP,KARNATAKA,2014,275785995.0,peer_group_outlier,">95th pctl in party (97%), state (98%), year (96%)",MEDIUM,27.58 Cr
ANJANA WALIA,RJSD,UTTARAKHAND,2009,273735000.0,peer_group_outlier,">95th pctl in party (100%), state (100%), year (99%)",MEDIUM,27.37 Cr
VIJAYA SHANTHI .M,TRS,ANDHRA PRADESH,2009,271066905.0,peer_group_outlier,">95th pctl in party (100%), state (98%), year (99%)",MEDIUM,27.11 Cr
AJEYA SINGH,JM,UTTAR PRADESH,2009,269451168.0,peer_group_outlier,">95th pctl in party (100%), state (98%), year (99%)",MEDIUM,26.95 Cr
"KRISHNASAMY, DR. K.",PT,TAMIL NADU,2019,259584771.0,isolation_forest,very high assets (25.96 Cr); 9 criminal cases; 908% asset growth; high liabilities (1.62 Cr),MEDIUM,25.96 Cr
EBRAHIM SHAIKH,BSP,MAHARASHTRA,2009,256980315.0,peer_group_outlier,">95th pctl in party (99%), state (98%), year (99%)",MEDIUM,25.70 Cr
BRAJ KISHORE JAISWAL,JVM,JHARKHAND,2009,224496583.0,peer_group_outlier,">95th pctl in party (100%), state (98%), year (99%)",MEDIUM,22.45 Cr
MOLVI IFTIKHAR HUSSAIN ANSARI,JKPDP,JAMMU & KASHMIR,2009,219223700.0,peer_group_outlier,">95th pctl in party (100%), state (100%), year (99%)",MEDIUM,21.92 Cr
IMRRAN PASHA,Aazadi Ka Antim Aandolan Dal,CHHATTISGARH,2014,217878947.0,isolation_forest,very high assets (21.79 Cr); 21688% asset growth,MEDIUM,21.79 Cr
DHARAM YADAV URF D. P. YADAV,BSP,UTTAR PRADESH,2009,204411586.0,peer_group_outlier,">95th pctl in party (99%), state (97%), year (99%)",MEDIUM,20.44 Cr
DR. SANJAY KUMAR GUPTA,SHS,NCT OF DELHI,2019,204351194.0,isolation_forest,very high assets (20.44 Cr); 73144% asset growth; high liabilities (7.37 L),MEDIUM,20.44 Cr
DR. YASHVIR SINGH,SP,UTTAR PRADESH,2009,188835577.0,peer_group_outlier,">95th pctl in party (97%), state (97%), year (99%)",MEDIUM,18.88 Cr
KUDALEPATIL VIVEK ANANT,BSP,MAHARASHTRA,2009,187510000.0,peer_group_outlier,">95th pctl in party (99%), state (97%), year (99%)",MEDIUM,18.75 Cr
RAO RAJENDRA SINGH,BJP,RAJASTHAN,2009,186553917.0,zscore_assets_vs_party,Assets 18.66 Cr vs party mean 2.21 Cr (z=3.6),MEDIUM,18.66 Cr
SHWETA VIVEK PARULKAR,MNS,MAHARASHTRA,2009,185831724.0,peer_group_outlier,">95th pctl in party (100%), state (97%), year (99%)",MEDIUM,18.58 Cr
P.VINAY KUMAR,PRAP,ANDHRA PRADESH,2009,183208378.0,peer_group_outlier,">95th pctl in party (96%), state (96%), year (99%)",MEDIUM,18.32 Cr
ASADUDDIN OWAISI,AIMIM,ANDHRA PRADESH,2019,179044376.0,isolation_forest,very high assets (17.90 Cr); 5 criminal cases; 4488% asset growth; high liabilities (12.05 Cr),MEDIUM,17.90 Cr
MENKA GANDHI,BJP,UTTAR PRADESH,2009,175685977.0,zscore_assets_vs_party,Assets 17.57 Cr vs party mean 2.21 Cr (z=3.4),MEDIUM,17.57 Cr
SWARAN SINGH THAKUR,BSP,PUNJAB,2009,171067360.0,peer_group_outlier,">95th pctl in party (98%), state (96%), year (98%)",MEDIUM,17.11 Cr
R.R. PATIL,SP,MAHARASHTRA,2009,167567529.0,peer_group_outlier,">95th pctl in party (96%), state (97%), year (98%)",MEDIUM,16.76 Cr
RAHUL GANDHI,INC,UTTAR PRADESH,2019,158877063.0,isolation_forest,very high assets (15.89 Cr); 6 criminal cases; 2769% asset growth; high liabilities (72.02 L),MEDIUM,15.89 Cr
ASHOK KUMAR BAJPAI,BSP,UTTAR PRADESH,2009,149578657.0,peer_group_outlier,">95th pctl in party (98%), state (96%), year (98%)",MEDIUM,14.96 Cr
DEVENDRA NAGPAL,RLD,UTTAR PRADESH,2009,132425712.0,peer_group_outlier,">95th pctl in party (96%), state (96%), year (98%)",MEDIUM,13.24 Cr
MALA BANERJEE,JUM,WEST BENGAL,2004,124364600.0,peer_group_outlier,">95th pctl in party (100%), state (100%), year (99%)",MEDIUM,12.44 Cr
SANJAY NIRUPAM,INC,MAHARASHTRA,2019,122093505.0,isolation_forest,very high assets (12.21 Cr); 11 criminal cases; 2272% asset growth; high liabilities (84.00 L),MEDIUM,12.21 Cr
SUJAN SINGH BUNDELA,RSMD,UTTAR PRADESH,2009,115770215.0,peer_group_outlier,">95th pctl in party (100%), state (95%), year (98%)",MEDIUM,11.58 Cr
LEKSHMANAN . S,IND,TAMIL NADU,2019,113416099.0,isolation_forest,very high assets (11.34 Cr); 69480% asset growth; high liabilities (1.26 Cr),MEDIUM,11.34 Cr
ISAAC JEBA KUMAR S,AIJMK,TAMIL NADU,2009,109825000.0,peer_group_outlier,">95th pctl in party (100%), state (96%), year (98%)",MEDIUM,10.98 Cr
ANNAMALAI K,ADMK,TAMIL NADU,2009,104494900.0,peer_group_outlier,">95th pctl in party (96%), state (96%), year (98%)",MEDIUM,10.45 Cr
NURE ALAM CHOWDHURY,AITC,WEST BENGAL,2009,102900000.0,zscore_assets_vs_party,Assets 10.29 Cr vs party mean 1.17 Cr (z=3.7),MEDIUM,10.29 Cr
FAROOQ ABDULLAH,JKN,JAMMU & KASHMIR,2009,97841140.0,peer_group_outlier,">95th pctl in party (100%), state (97%), year (97%)",MEDIUM,9.78 Cr
SHEELA GAUTAM,BJP,UTTAR PRADESH,2004,92239000.0,zscore_assets_vs_party,Assets 9.22 Cr vs party mean 92.87 L (z=3.5),MEDIUM,9.22 Cr
SHAILENDRA PRATAP SINGH,AAP,UTTAR PRADESH,2014,90402574.0,isolation_forest,very high assets (9.04 Cr); 6932% asset growth; high liabilities (1.50 Cr),MEDIUM,9.04 Cr
VISHVENDRA SINGH,BJP,RAJASTHAN,2004,87894237.0,zscore_assets_vs_party,Assets 8.79 Cr vs party mean 92.87 L (z=3.3),MEDIUM,8.79 Cr
BHANWAR SINGH,RRP,RAJASTHAN,2009,84618325.0,peer_group_outlier,">95th pctl in party (100%), state (96%), year (97%)",MEDIUM,8.46 Cr
VINOD KHANNA,BJP,PUNJAB,2004,81081889.0,zscore_assets_vs_party,Assets 8.11 Cr vs party mean 92.87 L (z=3.0),MEDIUM,8.11 Cr
MAHADIK DHANANJAY BHIMRAO,SHS,MAHARASHTRA,2004,77651000.0,zscore_assets_vs_party,Assets 7.77 Cr vs party mean 98.78 L (z=3.7),MEDIUM,7.77 Cr
BALASAHEB PATIL,SHS,KARNATAKA,2004,76536030.0,zscore_assets_vs_party,Assets 7.65 Cr vs party mean 98.78 L (z=3.6),MEDIUM,7.65 Cr
RADHAKRISHNAN .C.P,IND,TAMIL NADU,2019,74996453.0,isolation_forest,very high assets (7.50 Cr); 26732% asset growth,MEDIUM,7.50 Cr
K. P. MATHEW,KEC,KERALA,2009,72450000.0,peer_group_outlier,">95th pctl in party (100%), state (98%), year (97%)",MEDIUM,7.25 Cr
CHANDRAPAL SINGH YADAV,SP,UTTAR PRADESH,2014,69561317.0,isolation_forest,very high assets (6.96 Cr); 9 criminal cases; 1211% asset growth,MEDIUM,6.96 Cr
SUKHVEER SINGH JAUNAPURIA,IND,RAJASTHAN,2009,67443587.0,peer_group_outlier,">95th pctl in party (99%), state (95%), year (97%)",MEDIUM,6.74 Cr
GANDHI DILIPKUMAR MANSUKHLAL,BJP,MAHARASHTRA,2014,65316725.0,isolation_forest,very high assets (6.53 Cr); 16 criminal cases; high liabilities (3.42 Cr),MEDIUM,6.53 Cr
CHANDRA MEHTA,SAP,RAJASTHAN,2009,63984918.0,peer_group_outlier,">95th pctl in party (100%), state (95%), year (96%)",MEDIUM,6.40 Cr
AMBICA BANERJEE,AITC,WEST BENGAL,2009,62926674.0,peer_group_outlier,">95th pctl in party (96%), state (99%), year (96%)",MEDIUM,6.29 Cr
AJIT SHARMA,BSP,BIHAR,2009,61416337.0,peer_group_outlier,">95th pctl in party (96%), state (96%), year (96%)",MEDIUM,6.14 Cr
DR.MALLIKA SARABHAI,IND,GUJARAT,2009,55092800.0,peer_group_outlier,">95th pctl in party (99%), state (97%), year (96%)",MEDIUM,5.51 Cr
PATEL NARANBHAI PRAGDASBHAI,MJP,GUJARAT,2009,54698891.0,peer_group_outlier,">95th pctl in party (100%), state (97%), year (96%)",MEDIUM,5.47 Cr
KUBAVAT BABUDAS CHHAGANDAS,ABJS,GUJARAT,2009,47055000.0,peer_group_outlier,">95th pctl in party (100%), state (96%), year (95%)",MEDIUM,4.71 Cr
TULASI,SBSP,UTTAR PRADESH,2009,45386052.0,zscore_assets_vs_party,Assets 4.54 Cr vs party mean 45.44 L (z=3.2),MEDIUM,4.54 Cr
BHOLA PANDEY,INC,UTTAR PRADESH,2014,45246361.0,isolation_forest,very high assets (4.52 Cr); 4 criminal cases; 5933% asset growth,MEDIUM,4.52 Cr
GEORGE FERNANDES,JD(U),BIHAR,2004,33987410.0,zscore_assets_vs_party,Assets 3.40 Cr vs party mean 52.44 L (z=4.0),MEDIUM,3.40 Cr
AKHILESH PRASAD SINGH,RJD,BIHAR,2009,33464000.0,zscore_assets_vs_party,Assets 3.35 Cr vs party mean 84.22 L (z=3.8),MEDIUM,3.35 Cr
GANESAN LA,BJP,TAMIL NADU,2014,32900000.0,isolation_forest,very high assets (3.29 Cr); 52229% asset growth,MEDIUM,3.29 Cr
SALIM MAKKAR,MUL,WEST BENGAL,2009,30520000.0,zscore_assets_vs_party,Assets 3.05 Cr vs party mean 35.74 L (z=3.4),MEDIUM,3.05 Cr
DILDAR HUSSIN BEG,IND,NCT OF DELHI,2004,29573000.0,zscore_assets_vs_party,Assets 2.96 Cr vs party mean 18.01 L (z=3.9),MEDIUM,2.96 Cr
ZAMEERUL HASAN,INL,WEST BENGAL,2004,28421000.0,peer_group_outlier,">95th pctl in party (100%), state (97%), year (95%)",MEDIUM,2.84 Cr
REKHA KUMARI,Purvanchal Mahapanchayat,BIHAR,2019,26631500.0,isolation_forest,very high assets (2.66 Cr); 16040% asset growth,MEDIUM,2.66 Cr
KADAM SURYAJIRAO ALIAS CHIMANRAO SHANKARAO,IND,MAHARASHTRA,2004,25564111.0,zscore_assets_vs_party,Assets 2.56 Cr vs party mean 18.01 L (z=3.3),MEDIUM,2.56 Cr
MANSOOR ALI KHAN,BSP,UTTAR PRADESH,2004,25188764.0,zscore_assets_vs_party,Assets 2.52 Cr vs party mean 30.93 L (z=3.0),MEDIUM,2.52 Cr
DR. TARA PRASAD DAS,IND,ASSAM,2004,24725263.0,zscore_assets_vs_party,Assets 2.47 Cr vs party mean 18.01 L (z=3.2),MEDIUM,2.47 Cr
PRITHVI NATH SINGH SONKAR,IJP,UTTAR PRADESH,2009,23233800.0,zscore_assets_vs_party,Assets 2.32 Cr vs party mean 29.08 L (z=3.3),MEDIUM,2.32 Cr
ADV POLE NAIK MADHAVRAO BAHENARAO,BBM,MAHARASHTRA,2009,18087291.0,zscore_assets_vs_party,Assets 1.81 Cr vs party mean 24.49 L (z=4.0),MEDIUM,1.81 Cr
RAJESH KUMAR SABHARWAL,JMM,NCT OF DELHI,2009,14442841.0,zscore_assets_vs_party,Assets 1.44 Cr vs party mean 29.06 L (z=3.1),MEDIUM,1.44 Cr
M.K. RAGHAVAN,INC,KERALA,2019,12502009.0,isolation_forest,very high assets (1.25 Cr); 19619% asset growth; high liabilities (31.75 L),MEDIUM,1.25 Cr
MOHD.TAHIR,BSP,UTTAR PRADESH,2009,10839346.0,isolation_forest,very high assets (1.08 Cr); 6 criminal cases; 9188% asset growth; high liabilities (4.65 L),MEDIUM,1.08 Cr
SUNIL CHOUDHARY,IND,BIHAR,2009,10315696.0,isolation_forest,very high assets (1.03 Cr); 5 criminal cases; 7598% asset growth,MEDIUM,1.03 Cr
PADHIYAR GOVINDBHAI LALJIBHAI,IND,GUJARAT,2014,10051180.0,isolation_forest,very high assets (1.01 Cr); 3350293% asset growth,MEDIUM,1.01 Cr
NARENDRA WAMAN MORE,PRBP,MAHARASHTRA,2019,9700000.0,isolation_forest,very high assets (97.00 L); 64567% asset growth,MEDIUM,97.00 L
BALWANT SINGH PARWANA,ABHM,NCT OF DELHI,2004,8065500.0,zscore_assets_vs_party,Assets 80.66 L vs party mean 10.06 L (z=3.3),MEDIUM,80.66 L
GH RASOOL BHAT,ANC,JAMMU & KASHMIR,2009,7974000.0,zscore_assets_vs_party,Assets 79.74 L vs party mean 8.25 L (z=3.4),MEDIUM,79.74 L
SUBHASHINI ALI,CPM,UTTAR PRADESH,2004,7390120.0,zscore_assets_vs_party,Assets 73.90 L vs party mean 18.14 L (z=3.0),MEDIUM,73.90 L
CHAMRA LINDA,All India Trinamool Congress,JHARKHAND,2014,7010805.0,isolation_forest,very high assets (70.11 L); 26865% asset growth; high liabilities (15.50 L),MEDIUM,70.11 L
K.VENKATESH,IND,KARNATAKA,2014,6744000.0,isolation_forest,very high assets (67.44 L); 37367% asset growth; high liabilities (10.00 L),MEDIUM,67.44 L
DHOTRE SUCHIT CHINTAMAN,KM,MAHARASHTRA,2009,6366300.0,zscore_assets_vs_party,Assets 63.66 L vs party mean 13.01 L (z=3.4),MEDIUM,63.66 L
TABA TAKU,Lok Bharati,ARUNACHAL PRADESH,2014,6200000.0,isolation_forest,very high assets (62.00 L); 61900% asset growth,MEDIUM,62.00 L
JITENDRA YADAV,CPI(ML)(L),BIHAR,2004,5550000.0,zscore_assets_vs_party,Assets 55.50 L vs party mean 8.09 L (z=3.9),MEDIUM,55.50 L
MADHURI PANDAY,Independent,BIHAR,2019,5146000.0,isolation_forest,very high assets (51.46 L); 55210% asset growth,MEDIUM,51.46 L
PARDHESHI HARTAPSAH TIRKAM,GMS,MADHYA PRADESH,2009,4700000.0,zscore_assets_vs_party,Assets 47.00 L vs party mean 8.37 L (z=3.1),MEDIUM,47.00 L
MANOJ KUMAR PASWAN,IND,WEST BENGAL,2014,4421059.0,isolation_forest,very high assets (44.21 L); 31479% asset growth,MEDIUM,44.21 L
DR. SALAM HARISHCHANDRA BHIVRAM,GGP,MAHARASHTRA,2004,3671118.0,zscore_assets_vs_party,Assets 36.71 L vs party mean 5.81 L (z=3.6),MEDIUM,36.71 L
KISHOR SAMRITE,Independent,MADHYA PRADESH,2019,2147000.0,isolation_forest,very high assets (21.47 L); 429300% asset growth,MEDIUM,21.47 L
PRAMESHWAR YADAV,RKSP,JHARKHAND,2009,2113000.0,zscore_assets_vs_party,Assets 21.13 L vs party mean 3.98 L (z=3.0),MEDIUM,21.13 L
SUBU KECHI,People's Party of Arunachal,ARUNACHAL PRADESH,2019,1955000.0,isolation_forest,very high assets (19.55 L); 195400% asset growth,MEDIUM,19.55 L
PRADIP KUMAR MALLICK,BSP,ORISSA,2014,1760000.0,isolation_forest,very high assets (17.60 L); 87900% asset growth,MEDIUM,17.60 L
SURYODAY PASWAN,Sankhyanupati Bhagidari Party,BIHAR,2019,1450000.0,isolation_forest,very high assets (14.50 L); 28900% asset growth,MEDIUM,14.50 L
GEORGE TIRKEY,JMM,ORISSA,2019,901058.0,isolation_forest,very high assets (9.01 L); 41 criminal cases; -88% asset DROP,MEDIUM,9.01 L
IMTIYAZ AHMAD RATHER,Independent,JAMMU & KASHMIR,2019,790000.0,isolation_forest,very high assets (7.90 L); 131567% asset growth,MEDIUM,7.90 L
ASHOK DNYANU MANE(BHAU),Independent,MAHARASHTRA,2014,527584.0,isolation_forest,"very high assets (5.28 L); 52658% asset growth; high liabilities (39,000)",MEDIUM,5.28 L
RAJESH SINGH BAGHEL,GGP,MADHYA PRADESH,2019,233985.0,isolation_forest,very high assets (2.34 L); 19399% asset growth,MEDIUM,2.34 L
ASAITHAMBI.P,Communist Party of India  (Marxist-Leninist)  (Liberation),TAMIL NADU,2019,61000.0,isolation_forest,"very high assets (61,000); 12100% asset growth",MEDIUM,"61,000"
